,age_years,sex_phys,height_cm,weight_kg,body_fat_pct,waist_circ_cm,smoking_status,alcohol_units_per_week,caffeine_mg_per_day,perceived_stress_score,diet_type,daily_water_intake_l,processed_food_frequency,workout_days_per_week,weekly_workout_minutes,cardio_sessions_per_week,strength_sessions_per_week,sedentary_hours_per_day,resting_hr_bpm,hrv_rmssd_ms,spo2_pct,respiratory_rate_brpm,skin_temp_c,ecg_rhythm,bp_systolic_mmHg,bp_diastolic_mmHg,sleep_duration_h,deep_sleep_pct,rem_sleep_pct,light_sleep_pct,steps_per_day,vo2max_ml_kg_min,rhr_7d_avg,rhr_30d_avg,hrv_7d_avg,hrv_30d_avg,sleep_7d_avg,sleep_30d_avg,steps_7d_avg,bmi,max_hr_bpm,hr_reserve_bpm,map_mmHg,pulse_pressure_mmHg,restorative_sleep_pct,avg_hr_bpm,exercise_hr_bpm,active_minutes_per_day,zone_low_min_per_week,zone_moderate_min_per_week,zone_high_min_per_week,training_load_7d_avg,training_load_30d_avg,breathing_disturbances_per_hr,sleep_consistency_score,awakenings_per_night,irregular_rhythm_alert,irregular_rhythm_events_7d,irregular_rhythm_events_30d,rhr_90d_ago,rhr_trend_per_week,hrv_90d_ago,hrv_trend_per_week,sleep_90d_ago,sleep_trend_per_week,steps_30d_avg,steps_90d_ago,steps_trend_per_week,vo2max_30d_avg,vo2max_90d_ago,vo2max_trend_per_week,resp_7d_avg,resp_30d_avg,resp_90d_ago,resp_trend_per_week,skin_temp_7d_avg,skin_temp_30d_avg,skin_temp_90d_ago,skin_temp_trend_per_week
age_years,1.0,-0.006365141297996228,0.010544626362293844,-0.007312836607094572,0.4464129382504773,0.06345305551051265,0.00371163990088042,-0.013832868764241902,-0.004458689032373727,0.027471205318508177,0.01873488146422778,0.006897137250920277,-0.002884806497329094,-0.01842816716578426,-0.019590957110618867,-0.012559997120718161,-0.013113943595604563,-0.0018342789068837592,0.1245083848111385,-0.6220721061078998,-0.13876207316892697,0.01651510186714497,-0.0028233815920417392,-0.050195636820439975,0.36999544125719763,0.16475150040363065,-0.009470329079449141,-0.3631629701821099,0.008630796746424136,0.2839763874893854,-0.01736129134361312,-0.6802337353992357,0.12512416986466193,0.11748452971011698,-0.61238737246488,-0.5976050171572643,-0.010010642258885422,-0.003955648924258496,-0.018053818718983684,-0.014387852700282342,-0.9999999999999998,-0.9051464216435374,0.2595676978212772,0.527703718409534,-0.28397638748938553,-0.548850694290517,-0.9017733581163716,-0.020024722588441825,-0.019049221015575282,-0.019974594197415846,-0.021229256585618278,-0.020451166108653773,-0.02107913050602437,0.16694162399353213,0.005733650858758475,0.034520159407676096,0.1631733823815295,0.13756028193343173,0.14087072446064788,0.11331221265327222,0.004942332205144814,-0.5828159324836469,-0.011626834212134075,-0.0026266392234024173,-0.003915678212987297,-0.017000578524341503,-0.016905440210081023,0.0009043723590099161,-0.6779953677820961,-0.6703690047251717,-0.020987898554508232,0.017851233612366575,0.01587041662038782,0.02159216226779046,-0.026113016912355333,-0.0017934008671086402,-0.005456163523673172,-0.002802057495074451,-0.00613611111985475
sex_phys,-0.006365141297996228,1.0,0.7139237409149833,0.5695676533079758,-0.5473683538768397,0.5638177002798135,-0.006823535028318563,0.010775842711018127,0.00788846836497636,0.008337143067941477,0.004829401066342299,0.0048697811984251636,0.0025092847445034663,0.001090390280262578,-0.0007340523205396787,0.009440418531588618,-0.004664674161945028,-0.010776801384824643,-0.06732681411354112,0.06187718855991631,0.008058445908487939,0.027959443700146726,-0.01037491337509022,0.008657800205589344,0.11397480085386846,0.09039882044472693,-0.005705898602329175,0.002450844470183056,-0.020672149316199404,0.010582882929846852,0.005370158371833742,0.43877928442584546,-0.06083494236332717,-0.06145711920530907,0.058925822888261516,0.061024368977611126,-0.008943217315590021,-0.009635282818241487,0.008216292025335562,0.14530830532618336,0.006365141297996238,0.03426692608568098,0.10305287374155256,0.10975538280523439,-0.010582882929846858,-0.07870608729294985,0.008254289732669976,0.00449511514047915,0.0035742735892183132,0.004515029136478096,0.006523212318128298,0.00497830919273755,0.0038706287933704376,0.139270107356686,0.002540700383409994,0.05287163357596441,-0.011229623004722007,-0.005416047676854988,-0.006622607311729022,-0.054509981414487166,-0.023947585921829623,0.06111392616752445,-0.005948528303581828,-0.005264704553194755,-0.013320511876262613,0.007813092126340702,0.010341079771528058,-0.014446960718075415,0.43778417398436115,0.4329855362192298,0.012690398198158188,0.025604261324403625,0.02666176224036782,0.020569502252222212,0.022815635778810153,-0.010116484480228885,-0.010166427973157055,-0.013774002378084509,0.011915155898969607
height_cm,0.010544626362293844,0.7139237409149833,1.0,0.42072108785244333,-0.565967589179684,0.1701584243964925,-0.0009688403002450687,0.0057107606612100854,0.005168229510861566,-0.002366572485599126,-0.007027351157802028,0.011381859772768432,0.005495438123220156,-0.0009623841407623991,-0.001814501033488571,0.0022507453116550205,-0.0025031459993868454,-0.00022700934700458638,-0.08462087397438114,0.037834123052353945,-0.004705221559018404,-0.0036364841956981796,-0.012324451299093033,0.004627237813832878,0.03083983679520555,0.007668407496250482,-0.0019232544692697055,-0.003952125917907694,-0.018814648903871994,0.014555671086961252,0.004093745495573184,0.3154222425036478,-0.08119637594918301,-0.07745247694589712,0.03352397244609029,0.03456979517621695,-0.003995827880790915,-0.007896910659417724,0.006555307988446284,-0.205544030221506,-0.01054462636229386,0.027272497474940916,0.018082508270008377,0.05206064794448539,-0.014555671086961252,-0.10558174508489526,-0.007197213879587158,0.00318208220525926,0.002997336007591778,0.0031717280115919366,0.003454974562969961,0.0032670222561833233,0.0036531699885691813,0.03845837174750976,0.008688881047497597,0.02216608434462361,-0.0072262938776046825,0.0027566214631278385,0.001889202940212974,-0.07243634413103908,-0.013399374993447215,0.03648343712943642,-0.011684367578287627,-0.0046408050425482406,-0.009773494155096712,0.007993029348086782,0.009755337533351893,-0.01028388007543467,0.31500205246428165,0.3105271884984046,0.016119939000012875,-0.003939877324864583,-0.0047763852619733755,-0.01009530386350266,0.023115397685342546,-0.01168762474528084,-0.011845726041485862,-0.015293496062724947,0.011830240864417337
weight_kg,-0.007312836607094572,0.5695676533079758,0.42072108785244333,1.0,0.11523061835164543,0.8810405518134681,0.005734193073931638,0.007944153424739059,0.006514054802367326,0.0008548222926441251,-0.0007363396210652981,0.004905893823493069,-0.0718244578145199,0.010596780525559665,0.00822034032461394,0.014339466016122926,0.00308880115051804,0.0030793558428745043,0.041652168520998685,0.03559562684951938,-0.0010016872363040035,0.061111875043219924,-0.01097432704048876,-0.00205039892874777,0.17459149236381463,0.17093666509224115,-0.00043082632928765133,0.019177158877109742,-0.0006588072917111922,-0.014872517374871627,0.0002510579088442138,0.23553829481730396,0.04303458690061418,0.04379872352963087,0.033354206483800296,0.03279525079559376,-0.0018418985322127509,-0.00232210489900631,0.0024881157260407765,0.7964444927191093,0.0073128366070947005,-0.011616100678523268,0.17680181912685655,0.12490034170486007,0.014872517374871632,0.04333977195611771,0.016389555644441948,0.0016798152336068566,-8.626622913816542e-05,0.0016922705150933161,0.006108906696377364,0.00265732206288155,0.002379389264363572,0.22767462444031455,0.014504856766154418,0.05525578876211413,-0.007060873712276747,-0.006970052704000584,-0.007119558989774639,0.04541369299537338,-0.012392151692090347,0.035141744416484696,-0.01344685749734863,0.0037743523867318496,-0.019939358962375885,0.003161803209320387,0.0056220270937948295,-0.013686778914163146,0.23534341141846082,0.23033803009179432,0.023391402775934527,0.05848905230224853,0.05893963766144345,0.05624582696898995,0.0046481035490341495,-0.009843342795435608,-0.012501196828086491,-0.012058767153648042,0.0013335646396060786
body_fat_pct,0.4464129382504773,-0.5473683538768397,-0.565967589179684,0.11523061835164543,1.0,0.1789588968662118,0.007162674148627476,-0.006421456042995168,-0.006918930830749582,0.006641749118037539,0.009154167673787308,-0.0027368728704501226,-0.04723415001065328,-0.23713358265700576,-0.25018873006748804,-0.11021435351450244,-0.2009085818327058,0.07399395307308572,0.1847696193957933,-0.32503363488911713,-0.0701874501925026,0.03879355182269037,0.00529492926071696,-0.02801648041552548,0.20210139050132414,0.1284680829599387,0.0013030383733661503,-0.15029751945131548,0.02710882985927921,0.10325389330718057,-0.23723741934812248,-0.6687497530750336,0.17982225507988564,0.17580789660379673,-0.3179051046758595,-0.3117137957756827,0.0007340174448387337,0.004674585822675219,-0.23688568291878256,0.49998718009615833,-0.4464129382504783,-0.45941734642270127,0.1642259528685256,0.23700581028302298,-0.10325389330718057,-0.09879614578827363,-0.39734323276250494,-0.2534558960219612,-0.24865673111747366,-0.25344246594988334,-0.2479880896555994,-0.2544902622619643,-0.250505467761286,0.11756446922399781,0.015124825842837183,0.005705267305092328,0.08240617218637054,0.06337464158261052,0.06555195203543028,0.16680075932356403,0.019769644413946606,-0.3051131642668732,-0.001093066367081562,0.0052455048989929615,-0.0025336063870368447,-0.2342181949257333,-0.23148622630192012,0.004684100785916282,-0.6669168509033045,-0.6609275486441932,-0.010306784165479308,0.039155217866882135,0.03778383218226365,0.044698058111610754,-0.033718349838139074,0.005843669631263089,0.0023029045807416455,0.007738219899710455,-0.01531292878148185
waist_circ_cm,0.06345305551051265,0.5638177002798135,0.1701584243964925,0.8810405518134681,0.1789588968662118,1.0,0.00014438654744910602,0.01180042115041315,0.0029024509542931623,0.007656063698140884,0.005908330900663125,0.005612682567725989,-0.06078369197234586,-0.00042763678777194496,-0.0017627019826430036,0.010216122565945597,-0.006877409913305924,0.0008532735280767956,0.06301646344464225,-0.011942090111725787,-0.009545934602026913,0.07028428226488824,-0.0032110571891646135,-0.0016575182680503278,0.21219530540524667,0.19376706053400172,0.001822615773150075,-0.013458292211561708,0.0011603053607786985,0.0100141356211493,-0.009448472999904364,0.17513687761458174,0.06582956730257467,0.06389288835859423,-0.011646184687723922,-0.010216637884389866,-0.0009647184090431481,0.0013347319714099063,-0.007739778748630744,0.8430699463543172,-0.06345305551051256,-0.08104787290273811,0.20674246423790832,0.1704274267811247,-0.010014135621149315,0.017218153693574496,-0.047722331468178815,-0.00880921853765989,-0.010831400957880948,-0.008791942315680206,-0.0029849298449793216,-0.0076202230351181165,-0.008930827872340388,0.24871259102994675,0.015462594453592857,0.06491412176005887,0.012314136406409076,0.006346474807980989,0.006468380904061041,0.06518851849879113,-0.013316512125760366,-0.00808289133055272,-0.008586386965657602,0.005757220614012388,-0.014862870135049899,-0.007404400596208181,-0.005330568648816496,-0.010694948609300982,0.17491327225315303,0.17189406570387672,0.012579628632836173,0.06758806087340456,0.06777521149528738,0.0661739678974228,-0.0009862486889966888,-0.002870240676685636,-0.0050723294811459135,-0.0056257708373055465,0.002530360225393037
smoking_status,0.00371163990088042,-0.006823535028318563,-0.0009688403002450687,0.005734193073931638,0.007162674148627476,0.00014438654744910602,1.0,0.003799722569043445,-0.0002038086528110212,-0.0014018529450126808,-0.0027625793843954697,0.00855625777817196,-0.015534598282086273,0.010293856897623363,0.004661600001134423,0.0007574311558035012,0.011240415749425112,-0.008021446301392106,-0.10033744790352654,0.0735473299694018,0.1250203282201896,-0.06405320891126953,-0.016472357039470552,-0.0011341932170046958,-2.6151496976677148e-05,-0.003377208236723266,0.0077827990209722335,-0.006826411653184223,0.0037145806555092956,0.003183952775028062,0.010622102050722514,0.11226951182251037,-0.09901293390737256,-0.0947175929272417,0.07311975511807105,0.07323852865624764,0.006432389895211027,0.006534300870920836,0.008855132085320036,0.007562983571930566,-0.003711639900880557,0.03982636565526539,-0.0020113425163169833,0.0044447110576088,-0.003183952775028046,-0.12365023842206814,-0.004584796620290903,0.00933890611760462,0.009115974406778941,0.009360177779864672,0.009215537545186005,0.009398419730578162,0.010974780017755991,-0.06971079702129131,0.004430844346530595,-0.019815129677971045,0.006827700553558721,0.005961008770295307,0.005767007453086355,-0.09522419963760761,0.013395872324986006,0.0738310130142365,-0.009306662918379846,0.00724512054306484,-0.0032011785574865385,0.008589255521435453,0.006880799058390061,0.008601160399155915,0.11063530953402648,0.11100308187907053,-0.007625631342559516,-0.06203817223474804,-0.06335936286288721,-0.05948328461340201,-0.009118798863613733,-0.015444298848924606,-0.01293616012630528,-0.00585584553175366,-0.016688862187029464
alcohol_units_per_week,-0.013832868764241902,0.010775842711018127,0.0057107606612100854,0.007944153424739059,-0.006421456042995168,0.01180042115041315,0.003799722569043445,1.0,0.007347141535393919,0.014697147802238854,0.004598471265930663,-0.005907042356886009,0.016521870868158425,-0.015675284432647506,-0.01053621284603051,-0.006921793833191883,-0.013508227722775648,0.003631972580616335,0.007847575172607455,-0.0030096835626134445,0.0016445455732365768,-0.008404960589754634,0.007577136044067802,-0.001148005322902612,0.005184962599719836,0.016088333837851812,-0.03400648070785476,-0.007248867705662075,-0.02142536700692398,0.01876409572602604,-0.024759743698559208,0.0032728750293868334,0.006581796494712939,0.003304405936011333,-0.00695291544200732,-0.00976973767288179,-0.029736985055185645,-0.03115634413095041,-0.02662288353488597,0.0054541547133564955,0.013832868764241654,0.00842071048047526,0.011684117680289275,-0.010955601181019474,-0.018764095726026064,0.016287626181868298,0.014778055214236306,-0.022108184152907395,-0.021967878271096825,-0.022120865738232874,-0.020884609896078328,-0.02203938413233642,-0.02402322561336855,-0.011400198726838619,0.004417969579434858,0.019581311383747472,-0.004748078269662263,0.0006459917694649179,7.622177529997177e-05,0.0015008544063208485,0.007670045753258151,-0.010545112333951438,0.0043432951058087815,-0.02575674310380172,-0.013986595481048277,-0.02792768475896496,-0.025616049059321064,-0.010268180121726369,0.0036176485368942407,0.0032080973670455563,0.002632194602557713,-0.009564275517468851,-0.0050080478613897614,-0.005396858400389136,0.002229372607527809,0.007564434777767997,0.004881091438955939,0.0028773120899647634,0.004484884798749009
caffeine_mg_per_day,-0.004458689032373727,0.00788846836497636,0.005168229510861566,0.006514054802367326,-0.006918930830749582,0.0029024509542931623,-0.0002038086528110212,0.007347141535393919,1.0,-0.014830571134259988,0.006413240075336562,0.0038910714373299026,0.000238944872866496,-0.00779413944353678,-0.001898017712472281,-0.022906473500252555,0.005459707374720554,-0.00019466185121735525,0.0004340054290651353,0.01035857607307269,0.001070315502127773,0.003660923807397954,-0.0232515006983956,-0.0012447388846140097,-0.0023594862258891082,0.00017536708177781805,-0.25600163959910277,0.01062044937016406,-0.013563032935375982,-0.00023373464770007243,-0.00887826250550192,0.0005184402233878831,-0.002708032316338324,-0.003599639920404818,0.010649806485127148,0.010960304656272245,-0.24634766265993777,-0.2416307004453455,-0.006628137188753407,0.004176383945570687,0.004458689032373568,0.0036119813318221637,-0.0009391903887465526,-0.004997897370437556,0.00023373464770007314,0.003371990953401675,0.0010049247949408067,-0.0074401584620551854,-0.006388071281559034,-0.007457485390439618,-0.009604707339508732,-0.00797822866922112,-0.00960867720570867,0.006467264759034923,0.014171668753951719,0.004321384886098996,-0.0012933334249977666,-0.002051819644758688,-0.0027249113942176147,-0.0006289478543267655,-0.012893542242664252,0.008323203529608037,0.010771056749524034,-0.23304648145281417,0.002271970811258768,-0.007764319244805615,-0.010503200877147765,0.015578681077474137,0.0011183421917534888,0.0007675996252367335,0.002313757034000252,0.004818513175415374,0.0011879324805810934,0.0033696569414336736,-0.009398247780761636,-0.0223934382150569,-0.022872003423776942,-0.0192802876871027,-0.005150801662652028
perceived_stress_score,0.027471205318508177,0.008337143067941477,-0.002366572485599126,0.0008548222926441251,0.006641749118037539,0.007656063698140884,-0.0014018529450126808,0.014697147802238854,-0.014830571134259988,1.0,0.014176862085237904,-0.019594673064910143,-0.014884102478904019,0.0030221866417009077,0.0031165166972609033,-0.008462898293033984,0.008733221366316752,0.005361023466242116,0.0012740729404208725,-0.4738245963503858,0.0009084409120849968,0.009152814774838158,0.007683663368031429,-0.005770008065504247,0.014768909233229257,0.004380551936585339,-0.14816942184698217,-0.012511088731132453,0.001483273035190895,0.009063984584677505,0.0030814343416658324,-0.011846325805233846,0.0026132879143677145,-0.00021567751470344428,-0.4677824527646591,-0.4546567635795215,-0.14058742904718696,-0.1338181130278314,0.0036474222651307164,0.0027138723517319634,-0.027471205318508222,-0.02394590616947387,0.009110646741424028,0.023988197433111653,-0.0090639845846775,-0.017262669214281552,-0.021543150488098732,0.0009215420812463287,0.00018515553447600328,0.0009340386313086651,0.002738835463262065,0.0013261748822230989,0.004658467287979088,-0.0058809570605665,-0.00039550613004558455,0.0007306254542577776,0.009255519606135024,0.00824616555739235,0.009337070757870889,-0.0028864712763329897,0.011998578196362752,-0.44340491789811964,-0.008855003878063447,-0.12746521222272267,-0.004115117091557095,0.0032692929543151244,0.0026684129887312104,0.003012651982677884,-0.011775064941710201,-0.01147636495598075,-0.001517965520731863,0.0085942492662493,0.011117510339335133,0.009088169777909333,0.0073194389142737185,0.0066480665325030774,0.00893172059782318,0.008672101172455976,-0.0011196813677758306
diet_type,0.01873488146422778,0.004829401066342299,-0.007027351157802028,-0.0007363396210652981,0.009154167673787308,0.005908330900663125,-0.0027625793843954697,0.004598471265930663,0.006413240075336562,0.014176862085237904,1.0,-0.020112770270288575,0.009379563680133469,-0.0062765105386304925,-0.011072349415849921,-0.004141723913881714,-0.004551676796842841,-0.012107578270403653,0.008082336326783983,-0.026063119552051435,-0.01796283228298063,0.01369494463223897,0.004999526592184767,-0.021322833140522326,0.016911769860439702,0.021229972203009907,-0.008940774835936983,0.009871395260981235,-0.00395660514124846,-0.005462113780976379,0.004636775575087842,-0.02302850189079331,0.010056974263363442,0.010905383590341924,-0.02681785646806026,-0.02670756838733164,-0.007618174107414679,-0.0033965286557388966,0.005285322132828281,0.004070792838702765,-0.018734881464228158,-0.019421170775117024,0.01981796331877378,0.00587631962808755,0.005462113780976381,-0.005280252209339207,-0.014747258045531526,0.00022825512636720196,0.0004173465826710172,0.0002741780943752576,-0.00036431872283219544,0.0001112167782154936,0.002089914899202637,0.019650187038432805,-0.0068427850783681085,-0.006881518227700335,0.014334938864177567,0.007758196377910428,0.0073030360732069905,0.011895494728789688,-0.0057421336993439065,-0.025868662755815973,-0.0013142690338900304,-0.0007083801249610567,-0.008431187801784661,0.0029339703152095613,0.0015362143653802935,0.007375959553998628,-0.02382929229238792,-0.025201164956612825,0.01044260465159641,0.015159945562624682,0.014501336700524546,0.014286973499285168,-0.000739223592536337,0.00636809060297953,0.005687153482563733,0.008709955451735304,-0.009427132406659796
daily_water_intake_l,0.006897137250920277,0.0048697811984251636,0.011381859772768432,0.004905893823493069,-0.0027368728704501226,0.005612682567725989,0.00855625777817196,-0.005907042356886009,0.0038910714373299026,-0.019594673064910143,-0.020112770270288575,1.0,0.00581985746127903,0.004117534113138077,0.0076856230351235325,-0.009685366051869633,0.010744431165951373,0.0022778238269450463,-0.010500566739779336,0.003775263784066011,-0.010664270281247439,-0.0089856345980084,0.006646161545799408,0.01733902552403202,-0.014637891306203797,-0.012683400076487598,0.000290221680296536,0.008522030472928887,-0.0014679558464794809,-0.0058965321181081035,-0.007377714269179943,-0.0033699409815157112,-0.010836126953748743,-0.008736882147189342,0.004526505040614235,0.007084331902179644,-0.001931740401433982,0.004958999824084914,-0.007715051039224149,-0.0008142389602672924,-0.006897137250920433,-0.0013762036067185548,-0.013879648514595227,-0.012666520165436741,0.005896532118108111,-0.01307612679384002,-0.012156469379489818,-0.005567549953288824,-0.006441326129816903,-0.005590202604483732,-0.0028693670188110736,-0.005036061134350081,-0.00048375783092849287,0.002235925758710926,0.008799905929631174,-0.006393524589250531,-0.0014253238358020242,-0.003266721800934945,-0.0030321733453357773,-0.009449781645718502,0.004205891598080011,0.008503746753219923,-0.006976932530957076,-0.0018315536162035251,0.02202520616827509,-0.005246764964011697,-0.001718739978047865,-0.018803818558705707,-0.004092677324194527,-0.003430132651472302,-0.0044334871040136855,-0.008489838253416034,-0.008466840510825113,-0.005245756988016088,-0.012692831440380423,0.007717273208338801,0.007364250371262853,0.008965590236026943,-0.005861258443661047
processed_food_frequency,-0.002884806497329094,0.0025092847445034663,0.005495438123220156,-0.0718244578145199,-0.04723415001065328,-0.06078369197234586,-0.015534598282086273,0.016521870868158425,0.000238944872866496,-0.014884102478904019,0.009379563680133469,0.00581985746127903,1.0,-0.00872500081652069,-0.007576467836938839,-0.010727025751953164,-0.0032185351986956565,0.024461242180483747,0.0005183576825702538,0.004110316718041763,0.0005968317362785797,-0.006917343265939996,0.006255809964798775,0.013404869763795312,-0.002603635008134503,-0.0030293397980526173,-0.008270595200091938,-0.006421520346510368,-0.004869731646754,0.008066646493207631,-0.014819725991547341,-0.009610815901797909,0.0031508023672008945,0.0014258062289757892,0.001722679284549672,0.0012983550245639459,-0.011365480169784805,-0.013117735409342919,-0.013968278635563476,-0.0804850312701793,0.002884806497328645,0.002235204388289608,-0.002926752922697386,-0.001223098587007988,-0.008066646493207638,0.0013065799822687741,0.004661125633746761,-0.01441107585185131,-0.014810945793153726,-0.014444727538214689,-0.012293634657749047,-0.014085297368261095,-0.012028508975228835,-0.00645874041082971,-0.010530901052936302,0.007726844350180362,0.016248637236395375,0.015611885118332943,0.016531720581068412,0.0005576482501886862,0.0037394985040781164,-0.0003560812568199587,0.0072602819518896985,-0.013735772850380716,0.0036332396785974884,-0.014539875435733408,-0.013858705664819842,-0.002499061803778074,-0.009175223298732408,-0.009722339066490459,0.004187506784631428,-0.003229405016025396,-0.005729725638914709,-0.005887116533916526,0.001302131986976408,0.005347560817992847,0.008787258609600649,0.00791020002201042,0.0006053715191095863
workout_days_per_week,-0.01842816716578426,0.001090390280262578,-0.0009623841407623991,0.010596780525559665,-0.23713358265700576,-0.00042763678777194496,0.010293856897623363,-0.015675284432647506,-0.00779413944353678,0.0030221866417009077,-0.0062765105386304925,0.004117534113138077,-0.00872500081652069,1.0,0.8532071717599767,0.4820567032499461,0.8364288715855959,-0.2515282516669167,-0.08877616202852394,0.0670037810754006,0.00957995280880502,-0.00862681221381334,0.0017626973780171006,0.0011634813047709301,-0.011094997671184829,0.0008214386367546614,0.003617269164802123,0.015306668763276672,-0.006016682465600222,-0.00854143015489674,0.8078968645170177,0.40724445188288705,-0.08533909543407664,-0.08663004413911778,0.06263945793687206,0.058941563415636125,0.001229804456802668,1.6125949080341978e-05,0.8027013571201421,0.010749886951923183,0.018428167165784232,0.05373187057472261,-0.004407881799277233,-0.023497335514101412,0.008541430154896744,-0.09033411630244108,0.012582365745950336,0.8608833440489561,0.828780813559687,0.8608920785422804,0.883110748342356,0.8732530175896965,0.8616878008090664,-0.012263759592963877,-0.0021679359015853235,-0.007940133121967128,-0.0013411240210277292,0.0004517930766472477,0.0006160275353011567,-0.08033548092091568,-0.018061654752261586,0.060896027246084776,-0.014090849337997098,0.00022292950078944978,-0.0005950133737286149,0.7960307696978914,0.7835671203187535,0.0014289690229474599,0.4065535544530722,0.40260776982419,0.008297861260929264,-0.006200938158588035,-0.006737569426877143,-0.00809319603154142,0.006458028062146991,0.0008180647927570041,0.0008920968207007248,0.00015555372955328056,0.0018446586127232655
weekly_workout_minutes,-0.019590957110618867,-0.0007340523205396787,-0.001814501033488571,0.00822034032461394,-0.25018873006748804,-0.0017627019826430036,0.004661600001134423,-0.01053621284603051,-0.001898017712472281,0.0031165166972609033,-0.011072349415849921,0.0076856230351235325,-0.007576467836938839,0.8532071717599767,1.0,0.40201205514399563,0.7194536450241649,-0.21904697977753776,-0.08291995055833845,0.06412242401755357,0.020591288720130205,0.0005092111234381423,0.001644828083271054,0.004587936965501128,-0.009652168865363742,-0.00026857238243889345,0.00958163956365269,0.013505043400974037,-0.008199843339539551,-0.005782912705687321,0.6907377323521569,0.4094162249632645,-0.08099023464923195,-0.08172040110946352,0.05972315686638869,0.05329610886734866,0.011056707922834025,0.008563656581951422,0.6872867789464144,0.009675971007715677,0.019590957110618687,0.0522133395805945,-0.0044031851862423735,-0.019132329198809472,0.005782912705687328,-0.08438564076985562,0.01613013017239958,0.798169781286133,0.7735288690448573,0.7981572471705162,0.8055563510912741,0.8067676906130644,0.795022140325767,-0.014789509999234798,0.0011611084471454783,-0.004851914028303229,0.008482013809022736,0.008724281462151364,0.009246335382561132,-0.07622528704401343,-0.015074126099336962,0.05409792647736854,-0.008439165032786244,0.00998899067235526,-0.005708108146050298,0.6807471563239343,0.668234192445691,0.011332908285964442,0.40878007446276404,0.40530201622488227,0.004995563125580185,0.003587627287385568,0.002835176760792429,0.003107049565587958,-0.0015271863229436267,0.0010987635940537,-8.03189576278684e-05,0.0028060989769835543,-0.007828531803522432
cardio_sessions_per_week,-0.012559997120718161,0.009440418531588618,0.0022507453116550205,0.014339466016122926,-0.11021435351450244,0.010216122565945597,0.0007574311558035012,-0.006921793833191883,-0.022906473500252555,-0.008462898293033984,-0.004141723913881714,-0.009685366051869633,-0.010727025751953164,0.4820567032499461,0.40201205514399563,1.0,-0.07698472652638583,-0.1239992641122587,-0.049380024365310866,0.04306466035984437,0.007281853783317432,-0.010181649393188915,0.013138253073027323,0.005550344958997812,-0.011793124502616431,-0.004182835873595236,0.01136425467825125,0.008680558581558431,0.00840694742447837,-0.012010467787107841,0.3859630812159118,0.19502707102975694,-0.051653131856009234,-0.05202134220510013,0.04126753242454832,0.03854530249298266,0.009571568781152914,0.01193717375572345,0.3827547379380068,0.013192397378702172,0.012559997120718137,0.03185471099725631,-0.007625775306726609,-0.018242693389058623,0.012010467787107834,-0.04683077090667453,0.006458993169401053,0.40953739104110554,0.3720939689488336,0.4095177241783766,0.47754688107366966,0.427868892551485,0.421365329211192,-0.00844881614736249,-0.0024034361070520466,-0.010744112803889332,0.0034866687135881305,-0.0003158594274626797,-0.0003836995000111597,-0.046841000049063185,-0.01709597910921607,0.03912824399283149,-0.006107620935715371,0.011962619362549047,-0.0016118344543746186,0.37840081053196306,0.3724128195383716,0.0010277204813899188,0.19511038255432925,0.1946235956733836,-0.005693744003068694,-0.0061543138513459805,-0.007970745842593722,-0.008683234133016351,0.003831642996818979,0.015271828289803325,0.009493412996942563,0.007151768121482135,0.004480730380546024
strength_sessions_per_week,-0.013113943595604563,-0.004664674161945028,-0.0025031459993868454,0.00308880115051804,-0.2009085818327058,-0.006877409913305924,0.011240415749425112,-0.013508227722775648,0.005459707374720554,0.008733221366316752,-0.004551676796842841,0.010744431165951373,-0.0032185351986956565,0.8364288715855959,0.7194536450241649,-0.07698472652638583,1.0,-0.20866622075344649,-0.07013572726367177,0.04930975217672553,0.006346607172990692,-0.003447962236387115,-0.006212806394134587,-0.002148035223887196,-0.005248645355933393,0.0035513851441793098,-0.0029925985536510408,0.011988541897267096,-0.012105905649597803,-0.002206768841868384,0.6779308421608818,0.3414366389193747,-0.06480244638268629,-0.06604118725548465,0.04546743340975966,0.04296220294103617,-0.004588065178930521,-0.007449031107243764,0.674025445588962,0.003980590403137023,0.013113943595604409,0.04121900819691656,-0.00024573682631021066,-0.015327719761675867,0.002206768841868391,-0.07350335567988696,0.010278047636874432,0.7234814707812913,0.7103723366900426,0.7235037132273625,0.7062320644979423,0.7260905480877302,0.716997879657949,-0.008670731696435589,-0.0009635875733259376,-0.0023146803386438373,-0.003707285958005762,0.0007117208139809647,0.000941054632644341,-0.06211868169296386,-0.009859343657098734,0.04482168604679164,-0.012214479364242123,-0.007229609899191654,0.0003311792815709221,0.669158061449223,0.6587204723051066,0.0009832444651163516,0.3405982934242233,0.3364125713115853,0.013004584587724065,-0.0032066870795019603,-0.0026810825524053996,-0.003778060299074062,0.004952213893008314,-0.008622454860015701,-0.004923479764837311,-0.00429682087672141,-0.0007037623173620104
sedentary_hours_per_day,-0.0018342789068837592,-0.010776801384824643,-0.00022700934700458638,0.0030793558428745043,0.07399395307308572,0.0008532735280767956,-0.008021446301392106,0.003631972580616335,-0.00019466185121735525,0.005361023466242116,-0.012107578270403653,0.0022778238269450463,0.024461242180483747,-0.2515282516669167,-0.21904697977753776,-0.1239992641122587,-0.20866622075344649,1.0,0.035662339757538665,-0.02331155726609944,-0.014986785662218276,-0.0028808587345899536,0.0013445966429609568,0.006837775212117576,0.002555164543217078,-0.0008416927988551221,-0.0035667217615145117,0.02507864487567672,-0.00460543951390123,-0.01717918772853056,-0.31311313736323526,-0.12163559975103069,0.033105522478653046,0.030959549981408055,-0.023594181575923388,-0.0197826396589063,-0.003960181298879624,-0.007219728316347256,-0.3124409087935581,0.0020275043710782474,0.0018342789068836645,-0.013716506689987607,0.0006376103611415506,0.00628038130410343,0.017179187728530564,0.03962487546488876,0.004641955162399529,-0.3088440056719754,-0.30908867966150194,-0.3088343643566731,-0.28639813487491644,-0.30668402903864045,-0.3026336809011907,-0.011641227811608517,0.019246505850790786,-0.01892967443536278,-0.0047171132464680025,-0.003054844547991825,-0.0035643215286466543,0.0284737843314632,0.007511395679860033,-0.020590240228900554,0.005407198072475424,-0.007554181507916084,0.00191496601811716,-0.31236531776252197,-0.30616885647038544,-0.007678402272868542,-0.12121017813373247,-0.11875351651104273,-0.01123105673691742,-0.005558050573212901,-0.003759108843362203,-0.0068531804313412565,0.01352758672695388,0.001759585478002133,0.0024142434886773962,0.007984291704244717,-0.01569547168392674
resting_hr_bpm,0.1245083848111385,-0.06732681411354112,-0.08462087397438114,0.041652168520998685,0.1847696193957933,0.06301646344464225,-0.10033744790352654,0.007847575172607455,0.0004340054290651353,0.0012740729404208725,0.008082336326783983,-0.010500566739779336,0.0005183576825702538,-0.08877616202852394,-0.08291995055833845,-0.049380024365310866,-0.07013572726367177,0.035662339757538665,1.0,-0.09510503688261533,-0.03845398619255301,0.023089217977337012,0.005374731651700513,0.00527730191404649,0.053657711161700546,0.03766162248174837,-0.012937564012649594,-0.05073757922896596,0.0008394079106466903,0.03989657396224194,-0.09492395278218412,-0.20839410093132044,0.971381611510998,0.9451141420463325,-0.0942771479905648,-0.09393533403552615,-0.009243645009246253,-0.008881049270246853,-0.09547956435182643,0.1014723559552875,-0.12450838481113898,-0.534490363232503,0.04568505054575047,0.05819253762811777,-0.03989657396224192,0.7567157955444755,0.11369685898513436,-0.09687874081362491,-0.09533721952402475,-0.09684926247671925,-0.09407680934126633,-0.09711475634460988,-0.09581462520451275,0.05232709685153128,0.0064369445014829515,0.01799276232992086,0.011863685843102503,0.010595640676043433,0.010225118751703153,0.9213256616893597,-0.004223157002682298,-0.09017876036177536,-0.008218038938732833,-0.014066303950576555,0.01821223071423437,-0.09723502959901854,-0.09447771087328827,-0.006900119483219357,-0.20804899834658788,-0.2084019408923622,0.011957456362105205,0.020510786238143213,0.02311503117910035,0.021423805946719512,0.004582672074448635,0.003895749330686113,0.004580944342993481,0.0026363488477630444,0.0043644298933160925
hrv_rmssd_ms,-0.6220721061078998,0.06187718855991631,0.037834123052353945,0.03559562684951938,-0.32503363488911713,-0.011942090111725787,0.0735473299694018,-0.0030096835626134445,0.01035857607307269,-0.4738245963503858,-0.026063119552051435,0.003775263784066011,0.004110316718041763,0.0670037810754006,0.06412242401755357,0.04306466035984437,0.04930975217672553,-0.02331155726609944,-0.09510503688261533,1.0,0.10748483003027273,-0.02954479934636878,-0.004296409595301557,0.03224107635141967,-0.21521723851891356,-0.08364421758554859,0.06521049976205952,0.23192497970163523,-0.007634065397797718,-0.18006762380001234,0.06543474561707326,0.5029582539626072,-0.0929088399551565,-0.08584820351597973,0.9824365380770114,0.9564265975303274,0.06429133631737156,0.05794931282757155,0.0652154309821835,0.013547188582329214,0.6220721061078996,0.5706289867859513,-0.1439011017329986,-0.32318290634195795,0.18006762380001248,0.3177630655071547,0.5668724885031258,0.07113370524535084,0.06849337494455861,0.07105397492682446,0.07309097767626203,0.07216543377566328,0.06982930857211676,-0.09871163059449144,-0.011559583737261079,-0.02376514880187546,-0.10161217573640138,-0.08504492558093252,-0.08763858048674425,-0.08230864401602545,-0.00579568899185705,0.9317809910720409,0.022972916054328642,0.05366718225935144,0.006780158622578566,0.06504310323354442,0.06537966588398778,-0.007284483406843709,0.50115882625264,0.4961628400823306,0.011132610048105623,-0.030501997912931775,-0.031575836855868004,-0.03176994542912709,0.004455267448632189,-0.0035171224145676733,-0.003893413474446942,-0.004298210397730458,0.001913767059488243
spo2_pct,-0.13876207316892697,0.008058445908487939,-0.004705221559018404,-0.0010016872363040035,-0.0701874501925026,-0.009545934602026913,0.1250203282201896,0.0016445455732365768,0.001070315502127773,0.0009084409120849968,-0.01796283228298063,-0.010664270281247439,0.0005968317362785797,0.00957995280880502,0.020591288720130205,0.007281853783317432,0.006346607172990692,-0.014986785662218276,-0.03845398619255301,0.10748483003027273,1.0,0.0014428894774600972,0.00812215283045495,0.0009340339298930174,-0.04815359799607156,-0.017644475164556295,0.006056960725504325,0.04387150951807661,-0.007219412240892926,-0.030560144335503775,0.012358826515296985,0.1341160390314222,-0.037507377304496554,-0.03269465393851012,0.1074184491199611,0.10295882373181899,0.002166333998209624,-0.0005377881833803556,0.012844061992706672,0.003192441542679585,0.13876207316892736,0.13467291218154678,-0.03154812735670787,-0.07373580320063344,0.03056014433550378,0.049844869382475045,0.12405676405627344,0.015390450155907568,0.015216467006906802,0.015408299199768834,0.01471910671999417,0.015383526539327702,0.015816937124959008,-0.023296792067112247,0.004784602141175144,0.0015953633280632693,-0.035352715825714566,-0.0322846684271984,-0.034061227224220315,-0.030288796235310198,-0.00694029978995739,0.09995659101540799,0.004031258474233112,0.0028959956562399744,-0.01129865054491558,0.01435212366116127,0.015076289470353835,-0.005146474183713083,0.1333493429620665,0.13111992231913627,0.009090630048081519,0.0013364597777510972,-0.00071873888804459,-0.004034400556697242,0.014077460608807206,0.008237295853459564,0.009353273710885747,0.012118386632255621,-0.00944171878255258
respiratory_rate_brpm,0.01651510186714497,0.027959443700146726,-0.0036364841956981796,0.061111875043219924,0.03879355182269037,0.07028428226488824,-0.06405320891126953,-0.008404960589754634,0.003660923807397954,0.009152814774838158,0.01369494463223897,-0.0089856345980084,-0.006917343265939996,-0.00862681221381334,0.0005092111234381423,-0.010181649393188915,-0.003447962236387115,-0.0028808587345899536,0.023089217977337012,-0.02954479934636878,0.0014428894774600972,1.0,0.0020908480341550275,0.0031272311959395435,0.012206329577260009,0.009914885160226341,-0.004068434193645829,-0.001007085885803733,-0.007593178466295783,0.005406162490289966,-0.013293894449554143,-0.008966912219921035,0.024733190412652994,0.027873381547008372,-0.03164127366692466,-0.026274915928510646,-0.00510479426360634,-0.006022592474505075,-0.013030613702562718,0.06951390236253455,-0.016515101867145148,-0.023959811114527826,0.011194185371371393,0.011443530553519444,-0.005406162490289978,0.012762317410736513,-0.01471335063356391,-0.010905531813923197,-0.008370577514224892,-0.010902037176198707,-0.01670290266339236,-0.012257303904383949,-0.012935919716027257,0.033667998805550554,0.024267974435938026,0.009929335601676472,-0.013695019103519397,-0.015303350388464292,-0.015365707217871765,0.027004161719475953,0.0006309306712909937,-0.024108548991056637,-0.007273001298182837,-0.006035764239854387,0.0009136108162005487,-0.012671253296403076,-0.013305730019751626,0.004519917326388424,-0.008392149152198708,-0.009978685199783113,0.01127292541910922,0.98885198594506,0.9887992021702071,0.9611392489010124,0.004177274356485822,0.0038703759417682733,-0.0006382773780348379,0.004035974503337654,-0.012637494508281834
skin_temp_c,-0.0028233815920417392,-0.01037491337509022,-0.012324451299093033,-0.01097432704048876,0.00529492926071696,-0.0032110571891646135,-0.016472357039470552,0.007577136044067802,-0.0232515006983956,0.007683663368031429,0.004999526592184767,0.006646161545799408,0.006255809964798775,0.0017626973780171006,0.001644828083271054,0.013138253073027323,-0.006212806394134587,0.0013445966429609568,0.005374731651700513,-0.004296409595301557,0.00812215283045495,0.0020908480341550275,1.0,0.002844217134599268,-0.011571593926784734,-0.004209303820612337,0.013940263140036152,0.0033124693980554603,-0.008446464839965216,0.0024836204657737978,0.0021379042879969066,-0.0024504281664680634,0.004128852136109869,0.0022086729868472563,-0.0007713169874600045,-0.0029188209709157505,0.010211333539915718,0.011176059312457324,0.0028234922218033118,-0.0018841564516269894,0.0028233815920416707,0.00010224787566195076,-0.007541280889762961,-0.017760123106285934,-0.0024836204657737934,0.006496906813628895,-0.006255974755596028,0.001097781298385259,-0.000520798297581619,0.0011255258133916256,0.005157252173179887,0.001993190463089751,0.0003495500702137157,0.010533341409061878,-0.0016734450373794157,0.005747320430059883,0.01164752448388839,0.009968832674461957,0.010226953857269154,0.0021870650880113523,-0.00015327621532471223,-0.005339473660390092,0.011062616897535476,0.010659193185661794,0.0003161024457202194,0.002848061473137968,0.0018340582151910847,0.00528567557287041,-0.0032774314229279226,-0.003123374332094719,-0.0009030124251313719,0.0010702625168087507,0.006528880604099984,0.0065548559566399895,-0.0007672218217819139,0.9925932654007863,0.9800839330616713,0.9135968852615809,-0.01805992621896227
ecg_rhythm,-0.050195636820439975,0.008657800205589344,0.004627237813832878,-0.00205039892874777,-0.02801648041552548,-0.0016575182680503278,-0.0011341932170046958,-0.001148005322902612,-0.0012447388846140097,-0.005770008065504247,-0.021322833140522326,0.01733902552403202,0.013404869763795312,0.0011634813047709301,0.004587936965501128,0.005550344958997812,-0.002148035223887196,0.006837775212117576,0.00527730191404649,0.03224107635141967,0.0009340339298930174,0.0031272311959395435,0.002844217134599268,1.0,-0.014005417581324673,-0.01231985941155262,0.005641019042423743,0.011751708337409005,0.006311276525314689,-0.013185500154188514,-0.007659445714492471,0.03455685640564783,0.006453817176767655,0.006270322027906719,0.03205527729139747,0.03170991557948201,0.010112188255463712,0.0063503721881507,-0.007220521373663956,-0.005404731592155386,0.05019563682044,0.040495810896910976,-0.013357350390094894,-0.011873543954864946,0.013185500154188522,0.037304573656564574,0.04883378375020328,-0.003971917889607996,-0.0036106860369403047,-0.003961623795205371,-0.0046456916087148255,-0.004150706666100912,-0.006944845073108887,-0.015348853137126237,0.0002841697316551708,-0.0034551551522169223,0.2394843351136902,0.1905934333286455,0.19409971299126894,0.0019225340525529627,0.018771658200999266,0.029657828052730078,0.0062720580458205805,0.0032047033537373573,0.009583404143412905,-0.006645773311916961,-0.007544039018289166,0.005454161554278513,0.033220837937401645,0.030707476605345545,0.01563949456767043,0.003266790261789486,0.002874099468788982,0.007340909615561487,-0.019341037435122145,0.0021660849068521,0.00034987182498775994,-0.004558758169114502,0.013308395865949613
bp_systolic_mmHg,0.36999544125719763,0.11397480085386846,0.03083983679520555,0.17459149236381463,0.20210139050132414,0.21219530540524667,-2.6151496976677148e-05,0.005184962599719836,-0.0023594862258891082,0.014768909233229257,0.016911769860439702,-0.014637891306203797,-0.002603635008134503,-0.011094997671184829,-0.009652168865363742,-0.011793124502616431,-0.005248645355933393,0.002555164543217078,0.053657711161700546,-0.21521723851891356,-0.04815359799607156,0.012206329577260009,-0.011571593926784734,-0.014005417581324673,1.0,0.9019488810229795,-0.002298173215476124,-0.13388416911766726,0.0017995049966036596,0.10552931835760944,-0.0009124053061817727,-0.20355948862286397,0.053668142642607504,0.05430988771664405,-0.2108891344221787,-0.2082505606509776,-0.0011409521319632287,0.002793731090607842,-0.0007804109036118963,0.16935979169314977,-0.3699954412571982,-0.3381519375559988,0.9677982108978784,0.8180856234575168,-0.10552931835760948,-0.1956301071225793,-0.33335944093035835,-0.0031383648392340688,-0.0027509175176183877,-0.0031202302858439174,-0.0039537672386537204,-0.0033389392732831075,-0.004272117528093712,0.1187719891997862,0.008935272882075329,0.030773095662986704,0.07738463358095131,0.05565105263904027,0.057033453107783925,0.0541527810398972,-0.005663673052550759,-0.20185215556311256,-0.009605229246025061,0.005684068792904781,-0.009992515727505523,-0.00016632996097306544,0.0018489444931645252,-0.010973680167854837,-0.20261364284015748,-0.19875353362106246,-0.017098092121111068,0.011600607162355314,0.01327341339084519,0.012156166821759228,0.003194813660726153,-0.0109467049590954,-0.010964103189975656,-0.005844046396790804,-0.011746919898624144
bp_diastolic_mmHg,0.16475150040363065,0.09039882044472693,0.007668407496250482,0.17093666509224115,0.1284680829599387,0.19376706053400172,-0.003377208236723266,0.016088333837851812,0.00017536708177781805,0.004380551936585339,0.021229972203009907,-0.012683400076487598,-0.0030293397980526173,0.0008214386367546614,-0.00026857238243889345,-0.004182835873595236,0.0035513851441793098,-0.0008416927988551221,0.03766162248174837,-0.08364421758554859,-0.017644475164556295,0.009914885160226341,-0.004209303820612337,-0.01231985941155262,0.9019488810229795,1.0,0.008524059509257437,-0.05595520764574343,0.0015027704769147304,0.04364946969552579,0.008213157785212557,-0.07068843723739093,0.03662685538041882,0.04098698867421158,-0.08000392487290717,-0.08031094630834287,0.008789963071028572,0.011401463098351727,0.007964535854994785,0.18041253126061021,-0.16475150040363082,-0.15647130434964546,0.9816062407145854,0.48952014865495047,-0.043649469695525786,-0.07459374853467232,-0.14511570799976362,0.006440264329567337,0.005931413452651437,0.006452265200236107,0.0072794369179515215,0.006681133712392048,0.005873389537185414,0.08444194918682947,0.007758915840266375,0.01954282044315569,0.041664333529716595,0.026402642753679637,0.026654222382603784,0.04065118690062974,-0.00329874607372765,-0.0784039494690115,-0.0012032361229131479,0.012714072936345938,-0.005871599715885966,0.008429318355103157,0.008977237614721887,-0.0036918948582332707,-0.07030404536818327,-0.0675676157947376,-0.015507654142918884,0.009675582780178578,0.011099599668602573,0.008096007182995052,0.011415435627136691,-0.0045724349184017845,-0.002821508123137758,0.002251563483765332,-0.013277405091220017
sleep_duration_h,-0.009470329079449141,-0.005705898602329175,-0.0019232544692697055,-0.00043082632928765133,0.0013030383733661503,0.001822615773150075,0.0077827990209722335,-0.03400648070785476,-0.25600163959910277,-0.14816942184698217,-0.008940774835936983,0.000290221680296536,-0.008270595200091938,0.003617269164802123,0.00958163956365269,0.01136425467825125,-0.0029925985536510408,-0.0035667217615145117,-0.012937564012649594,0.06521049976205952,0.006056960725504325,-0.004068434193645829,0.013940263140036152,0.005641019042423743,-0.002298173215476124,0.008524059509257437,1.0,0.007924477729177055,0.014556660671665955,-0.015137257482503157,0.006808521338050472,0.013261457342698336,-0.018237411043968043,-0.018686202398346754,0.06638709113146457,0.06320527201989506,0.9436744205974572,0.8953167791959332,0.006084498416419712,-0.0015623307212220845,0.009470329079449263,0.013609742379458575,0.003941913223797921,-0.015992265383247776,0.015137257482503153,-0.004886071442845039,0.002634023383817307,0.009869307728865599,0.008428572768921939,0.009899780083846645,0.012843248774660213,0.010606852830800944,0.009318408288127328,-0.0014227470467805387,-0.011532076564114336,-0.014950086809558769,0.008857225588203638,0.012925483832789459,0.012128169977665878,-0.018089407232042512,-0.0004873918487300405,0.06398333395253074,-0.009215849213958172,0.8525575050159174,0.028077328036053242,0.006897433342014539,0.006474301085878236,0.0017245208803374308,0.013886269025875581,0.014158757178993621,-0.0024970872076895893,-0.005053263882248327,-0.003030157044833485,0.0012701470480457552,-0.017877518477629983,0.01381921586784554,0.01644632157551193,0.016922425363307524,-0.004640636643441028
deep_sleep_pct,-0.3631629701821099,0.002450844470183056,-0.003952125917907694,0.019177158877109742,-0.15029751945131548,-0.013458292211561708,-0.006826411653184223,-0.007248867705662075,0.01062044937016406,-0.012511088731132453,0.009871395260981235,0.008522030472928887,-0.006421520346510368,0.015306668763276672,0.013505043400974037,0.008680558581558431,0.011988541897267096,0.02507864487567672,-0.05073757922896596,0.23192497970163523,0.04387150951807661,-0.001007085885803733,0.0033124693980554603,0.011751708337409005,-0.13388416911766726,-0.05595520764574343,0.007924477729177055,1.0,-0.0019261580493493285,-0.7951954939146655,0.01315815061860948,0.2502956165444985,-0.05130856442370917,-0.04960070004600221,0.22904584683518486,0.2258261046622153,0.008383043231371012,0.00951638723410324,0.015373229117754338,0.0219062453367039,0.363162970182109,0.33108093626148805,-0.09180685526424831,-0.19582653507082579,0.7951954939146654,0.19544350586105463,0.3317599734312785,0.015242173822662537,0.013621560747534296,0.01524724961798438,0.01835004210907948,0.016050653835422504,0.018947774249044248,-0.052969974525838466,-0.012614488193300376,-0.7000925682098673,-0.0487286996484585,-0.04289369500357943,-0.04427167208254156,-0.04798751570379702,-0.0014112355065619203,0.22079427116125375,0.0019109140625697928,0.0066904643367748035,0.008216283614721202,0.014625963966524326,0.0162299094754382,-0.009972901557274169,0.24904270402701206,0.2465968979051175,0.0052507809855583745,-0.0021820641810866175,-0.001220161019315735,-0.007636946173139651,0.027287074795877837,0.0028520909468057036,0.005466780480576165,0.007469173528114199,-0.006604685032607297
rem_sleep_pct,0.008630796746424136,-0.020672149316199404,-0.018814648903871994,-0.0006588072917111922,0.02710882985927921,0.0011603053607786985,0.0037145806555092956,-0.02142536700692398,-0.013563032935375982,0.001483273035190895,-0.00395660514124846,-0.0014679558464794809,-0.004869731646754,-0.006016682465600222,-0.008199843339539551,0.00840694742447837,-0.012105905649597803,-0.00460543951390123,0.0008394079106466903,-0.007634065397797718,-0.007219412240892926,-0.007593178466295783,-0.008446464839965216,0.006311276525314689,0.0017995049966036596,0.0015027704769147304,0.014556660671665955,-0.0019261580493493285,1.0,-0.6048203397460306,-0.008025726372763595,-0.01752425404989729,0.0008258780317083544,-0.003697339362092288,-0.00888766139117722,-0.009263569398029413,0.014458704885145862,0.011948131870325165,-0.008626936390464114,0.012499796101151508,-0.008630796746423936,-0.007711367745995141,0.0016826307222370786,0.0016323439115850469,0.6048203397460306,-0.00417990136726913,-0.011890630336250398,-0.008217804823063345,-0.007554804629354952,-0.00825264572913521,-0.00928707719699493,-0.008528836151320952,-0.006908163915146945,0.007926430888178801,-0.0008471095614008753,-0.6033615833689581,0.005376091575172591,0.008109262053054692,0.008560633466756326,-0.0015054459919515355,-0.009382103007176736,-0.008590100183541127,-0.0021652558649620066,0.014553546107634615,-0.010081865834281487,-0.008706006426571882,-0.011658200654351747,0.016825072749774406,-0.017749357299751113,-0.01735477678034395,-0.001867370069080259,-0.010678697042554683,-0.006343188590813179,-0.00655290317670278,0.0016924595283888024,-0.007950072208355011,-0.007460321717169459,-0.005840322720990716,-0.0028890139068917047
light_sleep_pct,0.2839763874893854,0.010582882929846852,0.014555671086961252,-0.014872517374871627,0.10325389330718057,0.0100141356211493,0.003183952775028062,0.01876409572602604,-0.00023373464770007243,0.009063984584677505,-0.005462113780976379,-0.0058965321181081035,0.008066646493207631,-0.00854143015489674,-0.005782912705687321,-0.012010467787107841,-0.002206768841868384,-0.01717918772853056,0.03989657396224194,-0.18006762380001234,-0.030560144335503775,0.005406162490289966,0.0024836204657737978,-0.013185500154188514,0.10552931835760944,0.04364946969552579,-0.015137257482503157,-0.7951954939146655,-0.6048203397460306,1.0,-0.005612236545172054,-0.18870036909480925,0.04035948958904963,0.04174208100131621,-0.17701466440777994,-0.17422264607154106,-0.01544304636921659,-0.014823303437872378,-0.007011697795831893,-0.025024637266910225,-0.2839763874893865,-0.25898492866996436,0.07209135166822846,0.15495931208625807,-0.9999999999999999,-0.15310955931186215,-0.25699157535644157,-0.007155408821205309,-0.00626682483002203,-0.007138325067094139,-0.008982043603007821,-0.007610657564309978,-0.010900519825411294,0.037377125349341705,0.010559365553367391,0.9233789849217,0.03554593825956113,0.029241884390970908,0.030065563961106063,0.03912833610257208,0.006812734486720805,-0.17062383882355028,-0.00020886995247342124,-0.014152645817889055,-0.00042996547207636263,-0.0063686587049745485,-0.0058559066978628865,-0.0022599004912846345,-0.18756610307248767,-0.18585760810436897,-0.0030492421463112636,0.008212789571291092,0.004817911046124945,0.010055165401193564,-0.022756658473654698,0.0025492592398238833,0.00017005382196950142,-0.002406872064761314,0.007011495507987491
steps_per_day,-0.01736129134361312,0.005370158371833742,0.004093745495573184,0.0002510579088442138,-0.23723741934812248,-0.009448472999904364,0.010622102050722514,-0.024759743698559208,-0.00887826250550192,0.0030814343416658324,0.004636775575087842,-0.007377714269179943,-0.014819725991547341,0.8078968645170177,0.6907377323521569,0.3859630812159118,0.6779308421608818,-0.31311313736323526,-0.09492395278218412,0.06543474561707326,0.012358826515296985,-0.013293894449554143,0.0021379042879969066,-0.007659445714492471,-0.0009124053061817727,0.008213157785212557,0.006808521338050472,0.01315815061860948,-0.008025726372763595,-0.005612236545172054,1.0,0.4229224946119367,-0.0911599963214184,-0.09007388311137864,0.0634148220659404,0.06151815125033319,0.006694983765379877,0.006358936497044839,0.992955003443602,-0.003934570278570271,0.017361291343612986,0.05545702390096652,0.004375811591631657,-0.012780038756721925,0.005612236545172075,-0.09837762476928386,0.014672361734186285,0.9800749071768939,0.9769791156474495,0.9800816942983867,0.9187982442625895,0.9753858262268215,0.9608259171123413,-0.007659983873652125,-0.01588051036415743,-0.0034632282183067738,0.004615983002272317,0.00666521346587762,0.006659021612491857,-0.08433660185029804,-0.015149786186139451,0.06211237681529689,-0.008253628200288075,0.007667752490615452,-0.004973115628627139,0.9860393034086176,0.9696368618705281,0.007028019266710583,0.42214507667639106,0.41710488389502826,0.015058919785618935,-0.009201578487769816,-0.012047205813573146,-0.011780490928056562,0.0002070665303060797,0.0016367094028961143,0.0022332650349993397,0.0028822598145385246,-0.002228742978897401
vo2max_ml_kg_min,-0.6802337353992357,0.43877928442584546,0.3154222425036478,0.23553829481730396,-0.6687497530750336,0.17513687761458174,0.11226951182251037,0.0032728750293868334,0.0005184402233878831,-0.011846325805233846,-0.02302850189079331,-0.0033699409815157112,-0.009610815901797909,0.40724445188288705,0.4094162249632645,0.19502707102975694,0.3414366389193747,-0.12163559975103069,-0.20839410093132044,0.5029582539626072,0.1341160390314222,-0.008966912219921035,-0.0024504281664680634,0.03455685640564783,-0.20355948862286397,-0.07068843723739093,0.013261457342698336,0.2502956165444985,-0.01752425404989729,-0.18870036909480925,0.4229224946119367,1.0,-0.20239925382854396,-0.19719279169990966,0.4938537735383613,0.483272705065412,0.013131602349906376,0.007375291146674269,0.4221745338337301,0.04557004811272116,0.6802337353992365,0.6687080876566202,-0.13118075376947969,-0.31689672703665256,0.1887003690948093,0.22774099194832703,0.6112157155486342,0.44234130552139855,0.4353229484354711,0.44231792550730675,0.42928515755386265,0.44338481074803754,0.4375927843917523,-0.0771593480817893,0.0014710498212609957,-0.00825920042535876,-0.1111079853210499,-0.08715855711422742,-0.09013127279046769,-0.1880072459164146,-0.01806614869867729,0.47327539167342103,0.000646511552752593,0.008862766402036634,-0.0057898945657129585,0.4176916078325897,0.4111571060826082,0.0007150890222603954,0.9973108811558172,0.9867258659131767,0.026534831459338024,-0.009637985839289244,-0.008787278953901844,-0.013510615696977441,0.021077330833062787,-0.002663372653283625,-0.0015273557664395164,-0.002014175259032586,0.0016419806724052625
rhr_7d_avg,0.12512416986466193,-0.06083494236332717,-0.08119637594918301,0.04303458690061418,0.17982225507988564,0.06582956730257467,-0.09901293390737256,0.006581796494712939,-0.002708032316338324,0.0026132879143677145,0.010056974263363442,-0.010836126953748743,0.0031508023672008945,-0.08533909543407664,-0.08099023464923195,-0.051653131856009234,-0.06480244638268629,0.033105522478653046,0.971381611510998,-0.0929088399551565,-0.037507377304496554,0.024733190412652994,0.004128852136109869,0.006453817176767655,0.053668142642607504,0.03662685538041882,-0.018237411043968043,-0.05130856442370917,0.0008258780317083544,0.04035948958904963,-0.0911599963214184,-0.20239925382854396,1.0,0.9730826732557346,-0.09185887829493107,-0.09073686847798824,-0.014486064491496487,-0.014051607287068656,-0.0916681754904616,0.10068296206035164,-0.12512416986466238,-0.5227538066287643,0.045091009303172475,0.05959162781092485,-0.04035948958904956,0.7321167305093668,0.10588353412751254,-0.09359998677474073,-0.09171200124586117,-0.09357280413739377,-0.09192227447224015,-0.09405145128711251,-0.09269002794141364,0.05379920175871599,0.007833157010066203,0.01805937548776377,0.010882667000330847,0.008871006532984832,0.00847868496508094,0.948363830207845,-0.0033296832724122446,-0.08801977596230492,-0.003873169715208342,-0.018089629746464754,0.01503966388292758,-0.09345385666661779,-0.09103075349135337,-0.005393410344061794,-0.20227478635620152,-0.20208965715358065,0.008010554861102505,0.022266804970861892,0.024468192783946106,0.02199561295713129,0.007762648815352656,0.0024501314265814515,0.0033187277526735013,0.0022022564975967256,0.0023615769070889445
rhr_30d_avg,0.11748452971011698,-0.06145711920530907,-0.07745247694589712,0.04379872352963087,0.17580789660379673,0.06389288835859423,-0.0947175929272417,0.003304405936011333,-0.003599639920404818,-0.00021567751470344428,0.010905383590341924,-0.008736882147189342,0.0014258062289757892,-0.08663004413911778,-0.08172040110946352,-0.05202134220510013,-0.06604118725548465,0.030959549981408055,0.9451141420463325,-0.08584820351597973,-0.03269465393851012,0.027873381547008372,0.0022086729868472563,0.006270322027906719,0.05430988771664405,0.04098698867421158,-0.018686202398346754,-0.04960070004600221,-0.003697339362092288,0.04174208100131621,-0.09007388311137864,-0.19719279169990966,0.9730826732557346,1.0,-0.08527010437534863,-0.08406561894551602,-0.01442918028943242,-0.014539991183304941,-0.09038543698787689,0.09919414406045289,-0.117484529710117,-0.5049924686099249,0.04791621069041705,0.05508095749226438,-0.04174208100131622,0.7153645715103524,0.10780147015751596,-0.0931141155379739,-0.09107565547867477,-0.09309080437930627,-0.09185291069726577,-0.09365241248128443,-0.09194868960667955,0.05310991448746232,0.005732697686604344,0.021737453621607998,0.012702829920645739,0.011766849831329588,0.011108347822285588,0.9748163999661555,-0.004408172442853951,-0.08087992739344724,-0.006573494165389494,-0.017002848656169956,0.009876034161919808,-0.09160263558466815,-0.08912664400446364,-0.005835886296553298,-0.19712984103450065,-0.19688947691205563,0.007393267460347923,0.02528429648461397,0.027172503151342568,0.023899634676330897,0.01082141500013233,0.0006958794245193506,0.0023115117858331694,0.0009032500719494894,0.0033691160647022246
hrv_7d_avg,-0.61238737246488,0.058925822888261516,0.03352397244609029,0.033354206483800296,-0.3179051046758595,-0.011646184687723922,0.07311975511807105,-0.00695291544200732,0.010649806485127148,-0.4677824527646591,-0.02681785646806026,0.004526505040614235,0.001722679284549672,0.06263945793687206,0.05972315686638869,0.04126753242454832,0.04546743340975966,-0.023594181575923388,-0.0942771479905648,0.9824365380770114,0.1074184491199611,-0.03164127366692466,-0.0007713169874600045,0.03205527729139747,-0.2108891344221787,-0.08000392487290717,0.06638709113146457,0.22904584683518486,-0.00888766139117722,-0.17701466440777994,0.0634148220659404,0.4938537735383613,-0.09185887829493107,-0.08527010437534863,1.0,0.9731218159837189,0.06500938997322298,0.05824094003570827,0.06298715742727422,0.013808180731943375,0.6123873724648804,0.5620248077505937,-0.1398588434809632,-0.3192913220384909,0.17701466440778008,0.31247949615821574,0.5570078095051548,0.06790970132191243,0.0657012276376962,0.06783111484252431,0.0689748562335078,0.06871998415428868,0.0664587422573901,-0.09819557498840449,-0.011872327558650456,-0.023129879676009733,-0.1020600629157482,-0.08549186036870275,-0.08815837788660842,-0.08243516146964085,-0.0027089935441703726,0.9483698094094128,0.021928972823378787,0.05424158306009413,0.005792295020142995,0.0626966258538811,0.0630180492489278,-0.007005520046702741,0.4919700865247446,0.4873420744723814,0.00904562340171902,-0.03240387051029195,-0.03326094807654164,-0.033294074812850315,0.003948414382587158,-0.0002663592327979253,-0.0006988970248083095,-0.0016875899376180541,0.002851495992524299
hrv_30d_avg,-0.5976050171572643,0.061024368977611126,0.03456979517621695,0.03279525079559376,-0.3117137957756827,-0.010216637884389866,0.07323852865624764,-0.00976973767288179,0.010960304656272245,-0.4546567635795215,-0.02670756838733164,0.007084331902179644,0.0012983550245639459,0.058941563415636125,0.05329610886734866,0.03854530249298266,0.04296220294103617,-0.0197826396589063,-0.09393533403552615,0.9564265975303274,0.10295882373181899,-0.026274915928510646,-0.0029188209709157505,0.03170991557948201,-0.2082505606509776,-0.08031094630834287,0.06320527201989506,0.2258261046622153,-0.009263569398029413,-0.17422264607154106,0.06151815125033319,0.483272705065412,-0.09073686847798824,-0.08406561894551602,0.9731218159837189,1.0,0.06163467211391602,0.05573321222026848,0.06070942149364037,0.012535262761793856,0.5976050171572658,0.549286711097834,-0.1388642266971679,-0.3135545538511444,0.1742226460715409,0.30310192116216267,0.5437273212117544,0.06470007644896987,0.06270974824452362,0.06462550603273062,0.06541983867979995,0.06540815839863308,0.06323711003621653,-0.09765876127004669,-0.012086316548837609,-0.02464784076154398,-0.09900564528718654,-0.08454796766044564,-0.08722695778137023,-0.08161297038810582,-0.0011350498383838194,0.9745706419410809,0.02250696061935027,0.05164860897461963,0.006389273279853296,0.0606910879704768,0.06120491282113813,-0.007886396140625687,0.4811758647420437,0.4768416148688141,0.00753127452517415,-0.027367147883113965,-0.027762918996668415,-0.026870209837570797,-0.0006019153609066754,-0.002683544771520999,-0.0029885297217468933,-0.0047948944728370265,0.005550624532049918
sleep_7d_avg,-0.010010642258885422,-0.008943217315590021,-0.003995827880790915,-0.0018418985322127509,0.0007340174448387337,-0.0009647184090431481,0.006432389895211027,-0.029736985055185645,-0.24634766265993777,-0.14058742904718696,-0.007618174107414679,-0.001931740401433982,-0.011365480169784805,0.001229804456802668,0.011056707922834025,0.009571568781152914,-0.004588065178930521,-0.003960181298879624,-0.009243645009246253,0.06429133631737156,0.002166333998209624,-0.00510479426360634,0.010211333539915718,0.010112188255463712,-0.0011409521319632287,0.008789963071028572,0.9436744205974572,0.008383043231371012,0.014458704885145862,-0.01544304636921659,0.006694983765379877,0.013131602349906376,-0.014486064491496487,-0.01442918028943242,0.06500938997322298,0.06163467211391602,1.0,0.950174027075528,0.005955741646036903,-0.0025775868311999433,0.010010642258885427,0.012487383029945792,0.004605790319445208,-0.014009675208825482,0.015443046369216576,-0.0014278956368528814,0.004489133507731455,0.009816281600152098,0.009120188642591205,0.009852817656146876,0.01085501304582386,0.010135056678990144,0.009248795574156957,0.0019226985633597775,0.0037490933287903814,-0.014277853628320129,0.012159379044090016,0.015622064404090866,0.014983578370376243,-0.013038433523021711,-0.004553873289822599,0.0617109880551699,-0.005941797393934917,0.9062377612387558,0.025015211099970767,0.006198178064521334,0.005893778321107162,0.0011356656247028805,0.01370766216570919,0.014830417185077056,-0.008296991016092388,-0.006033612847792885,-0.003685779824978996,0.0006081612497719086,-0.017795829874546924,0.01057299912629138,0.012423073193958897,0.014243591263112138,-0.007488627432980412
sleep_30d_avg,-0.003955648924258496,-0.009635282818241487,-0.007896910659417724,-0.00232210489900631,0.004674585822675219,0.0013347319714099063,0.006534300870920836,-0.03115634413095041,-0.2416307004453455,-0.1338181130278314,-0.0033965286557388966,0.004958999824084914,-0.013117735409342919,1.6125949080341978e-05,0.008563656581951422,0.01193717375572345,-0.007449031107243764,-0.007219728316347256,-0.008881049270246853,0.05794931282757155,-0.0005377881833803556,-0.006022592474505075,0.011176059312457324,0.0063503721881507,0.002793731090607842,0.011401463098351727,0.8953167791959332,0.00951638723410324,0.011948131870325165,-0.014823303437872378,0.006358936497044839,0.007375291146674269,-0.014051607287068656,-0.014539991183304941,0.05824094003570827,0.05573321222026848,0.950174027075528,1.0,0.005756947098445769,-0.00019894377517552222,0.003955648924258438,0.007174374342788594,0.007865747076060562,-0.00954242969037185,0.014823303437872373,-0.005089290497002744,0.0007410813883476056,0.008858371025049412,0.008769258463817996,0.00890277841997555,0.008378762045981595,0.00884118888147472,0.006688612483671956,0.003651328196366912,0.0048532250917212635,-0.014683638925323879,0.008183391606418578,0.010942090561501451,0.010727282410683858,-0.013532720687423108,-0.0028275214384316707,0.05542036793217629,-0.003667812264456472,0.9534781490812335,0.027241733617862307,0.00651697945730683,0.0063795164312849045,0.00019817780183789554,0.007755545522521897,0.007894123571642358,-0.0012791211216491324,-0.006269643695767865,-0.004844777253801801,-0.001898892068667177,-0.011944712389780654,0.011756455773320823,0.012984082031083028,0.01617476073700178,-0.011346181751724601
steps_7d_avg,-0.018053818718983684,0.008216292025335562,0.006555307988446284,0.0024881157260407765,-0.23688568291878256,-0.007739778748630744,0.008855132085320036,-0.02662288353488597,-0.006628137188753407,0.0036474222651307164,0.005285322132828281,-0.007715051039224149,-0.013968278635563476,0.8027013571201421,0.6872867789464144,0.3827547379380068,0.674025445588962,-0.3124409087935581,-0.09547956435182643,0.0652154309821835,0.012844061992706672,-0.013030613702562718,0.0028234922218033118,-0.007220521373663956,-0.0007804109036118963,0.007964535854994785,0.006084498416419712,0.015373229117754338,-0.008626936390464114,-0.007011697795831893,0.992955003443602,0.4221745338337301,-0.0916681754904616,-0.09038543698787689,0.06298715742727422,0.06070942149364037,0.005955741646036903,0.005756947098445769,1.0,-0.003111931937817884,0.018053818718983795,0.056284963434771344,0.0042903067291767925,-0.012182414715519573,0.0070116977958318855,-0.09813244785189197,0.014913478788852547,0.9736675349581367,0.9704889825221035,0.9736744717124269,0.9130577200565694,0.9690668704780708,0.9547298892164093,-0.007724639343006193,-0.015839882236082757,-0.004804208830646336,0.0063367538125853684,0.008498629216973409,0.008398493658040003,-0.08444670288548589,-0.01601826050928994,0.06128110617523543,-0.00808139236553831,0.007424023186860731,-0.0061011246789771725,0.9931894596003444,0.976336438022389,0.008887173223302448,0.4213326094601756,0.41610179991413704,0.016401967237653102,-0.009146703208981156,-0.012032891248448587,-0.011422011972348864,-0.0012634893174167836,0.002143032158615958,0.003062219901973857,0.004257237718093044,-0.0038885851158385427
bmi,-0.014387852700282342,0.14530830532618336,-0.205544030221506,0.7964444927191093,0.49998718009615833,0.8430699463543172,0.007562983571930566,0.0054541547133564955,0.004176383945570687,0.0027138723517319634,0.004070792838702765,-0.0008142389602672924,-0.0804850312701793,0.010749886951923183,0.009675971007715677,0.013192397378702172,0.003980590403137023,0.0020275043710782474,0.1014723559552875,0.013547188582329214,0.003192441542679585,0.06951390236253455,-0.0018841564516269894,-0.005404731592155386,0.16935979169314977,0.18041253126061021,-0.0015623307212220845,0.0219062453367039,0.012499796101151508,-0.025024637266910225,-0.003934570278570271,0.04557004811272116,0.10068296206035164,0.09919414406045289,0.013808180731943375,0.012535262761793856,-0.0025775868311999433,-0.00019894377517552222,-0.003111931937817884,1.0,0.01438785270028254,-0.03121857036657023,0.18002659466436163,0.10171704997922523,0.025024637266910253,0.11672167360369748,0.021814996519021673,-0.0018512836760242824,-0.003550542032852478,-0.0018307876176177579,0.0026392064178044185,-0.0008897786940744661,-0.0013208196078537124,0.22019721187000216,0.010304472730919471,0.045541848769650346,-0.0022042909523668913,-0.008163553591386551,-0.007901850900192901,0.09766318322102058,-0.004789803133117378,0.013426974392816558,-0.005111654525760896,0.00421401137880256,-0.01463849035416384,-0.003162517183026769,-0.0015732329691504085,-0.008406688864756474,0.045547584396637794,0.04286787615143597,0.016214016617824435,0.0668627784794319,0.0679181941722792,0.06895676342113899,-0.01221471532247355,-0.0011149627246303296,-0.0038338895346518346,-0.0013324844408122121,-0.0060562500983978905
max_hr_bpm,-0.9999999999999998,0.006365141297996238,-0.01054462636229386,0.0073128366070947005,-0.4464129382504783,-0.06345305551051256,-0.003711639900880557,0.013832868764241654,0.004458689032373568,-0.027471205318508222,-0.018734881464228158,-0.006897137250920433,0.002884806497328645,0.018428167165784232,0.019590957110618687,0.012559997120718137,0.013113943595604409,0.0018342789068836645,-0.12450838481113898,0.6220721061078996,0.13876207316892736,-0.016515101867145148,0.0028233815920416707,0.05019563682044,-0.3699954412571982,-0.16475150040363082,0.009470329079449263,0.363162970182109,-0.008630796746423936,-0.2839763874893865,0.017361291343612986,0.6802337353992365,-0.12512416986466238,-0.117484529710117,0.6123873724648804,0.5976050171572658,0.010010642258885427,0.003955648924258438,0.018053818718983795,0.01438785270028254,1.0,0.9051464216435384,-0.2595676978212777,-0.5277037184095337,0.2839763874893865,0.548850694290517,0.9017733581163724,0.020024722588441887,0.019049221015575206,0.01997459419741578,0.021229256585618337,0.020451166108653707,0.021079130506024512,-0.16694162399353238,-0.005733650858758669,-0.03452015940767619,-0.1631733823815299,-0.13756028193343192,-0.14087072446064816,-0.11331221265327242,-0.004942332205144694,0.5828159324836468,0.011626834212133884,0.0026266392234023783,0.003915678212987484,0.017000578524341604,0.016905440210081033,-0.0009043723590097392,0.6779953677820952,0.6703690047251719,0.020987898554508187,-0.017851233612366603,-0.01587041662038805,-0.02159216226779062,0.026113016912354993,0.0017934008671086294,0.005456163523673173,0.002802057495074457,0.006136111119854683
hr_reserve_bpm,-0.9051464216435374,0.03426692608568098,0.027272497474940916,-0.011616100678523268,-0.45941734642270127,-0.08104787290273811,0.03982636565526539,0.00842071048047526,0.0036119813318221637,-0.02394590616947387,-0.019421170775117024,-0.0013762036067185548,0.002235204388289608,0.05373187057472261,0.0522133395805945,0.03185471099725631,0.04121900819691656,-0.013716506689987607,-0.534490363232503,0.5706289867859513,0.13467291218154678,-0.023959811114527826,0.00010224787566195076,0.040495810896910976,-0.3381519375559988,-0.15647130434964546,0.013609742379458575,0.33108093626148805,-0.007711367745995141,-0.25898492866996436,0.05545702390096652,0.6687080876566202,-0.5227538066287643,-0.5049924686099249,0.5620248077505937,0.549286711097834,0.012487383029945792,0.007174374342788594,0.056284963434771344,-0.03121857036657023,0.9051464216435384,1.0,-0.24067351669667528,-0.47443116636085597,0.25898492866996436,0.14330997133325094,0.7194215201248383,0.058563239364093835,0.05707186459193054,0.05850791034401024,0.0583888227636781,0.05902760218288118,0.05900548394562854,-0.16462004227365995,-0.0076417443948294085,-0.037113076289198924,-0.14407435172565947,-0.12171376703566104,-0.12437486722777902,-0.49124668884848,-0.0024005494615197864,0.535079883974531,0.013424655626892738,0.008263858332639167,-0.004467348888731559,0.056139911054290385,0.0548775435145791,0.0021858972686079332,0.6666535861957098,0.6603086411043673,0.012754573179549032,-0.023993244680784162,-0.02342172564741563,-0.027570946752903214,0.020279770105580474,-0.00014144664502447062,0.002684944251409012,0.0012572996161305916,0.0033568876364930933
map_mmHg,0.2595676978212772,0.10305287374155256,0.018082508270008377,0.17680181912685655,0.1642259528685256,0.20674246423790832,-0.0020113425163169833,0.011684117680289275,-0.0009391903887465526,0.009110646741424028,0.01981796331877378,-0.013879648514595227,-0.002926752922697386,-0.004407881799277233,-0.0044031851862423735,-0.007625775306726609,-0.00024573682631021066,0.0006376103611415506,0.04568505054575047,-0.1439011017329986,-0.03154812735670787,0.011194185371371393,-0.007541280889762961,-0.013357350390094894,0.9677982108978784,0.9816062407145854,0.003941913223797921,-0.09180685526424831,0.0016826307222370786,0.07209135166822846,0.004375811591631657,-0.13118075376947969,0.045091009303172475,0.04791621069041705,-0.1398588434809632,-0.1388642266971679,0.004605790319445208,0.007865747076060562,0.0042903067291767925,0.18002659466436163,-0.2595676978212777,-0.24067351669667528,1.0,0.646980852373482,-0.07209135166822839,-0.12993113240983398,-0.2319291059491869,0.002367125914309976,0.0022409275260825107,0.002382194348485099,0.0024979213649257525,0.002419333186571142,0.0015325707602744155,0.1017064470982077,0.008504917296479784,0.02499371236942224,0.05847388088095062,0.0399830532884045,0.04074104701414519,0.04765091602058535,-0.004428061929126549,-0.1349223651044828,-0.004956225419384049,0.009911363677015483,-0.007847093931733877,0.004832185050841958,0.006042046353688551,-0.007000236309598881,-0.1305379169651889,-0.12723212324624728,-0.016627850243488486,0.010781374514902997,0.01236469416615566,0.010119839098205803,0.008063764695712562,-0.007475873318727215,-0.0064567585797903285,-0.0012465748253823099,-0.01291130298918037
pulse_pressure_mmHg,0.527703718409534,0.10975538280523439,0.05206064794448539,0.12490034170486007,0.23700581028302298,0.1704274267811247,0.0044447110576088,-0.010955601181019474,-0.004997897370437556,0.023988197433111653,0.00587631962808755,-0.012666520165436741,-0.001223098587007988,-0.023497335514101412,-0.019132329198809472,-0.018242693389058623,-0.015327719761675867,0.00628038130410343,0.05819253762811777,-0.32318290634195795,-0.07373580320063344,0.011443530553519444,-0.017760123106285934,-0.011873543954864946,0.8180856234575168,0.48952014865495047,-0.015992265383247776,-0.19582653507082579,0.0016323439115850469,0.15495931208625807,-0.012780038756721925,-0.31689672703665256,0.05959162781092485,0.05508095749226438,-0.3192913220384909,-0.3135545538511444,-0.014009675208825482,-0.00954242969037185,-0.012182414715519573,0.10171704997922523,-0.5277037184095337,-0.47443116636085597,0.646980852373482,1.0,-0.15495931208625804,-0.29568463911495874,-0.4798765374106198,-0.014913764579572318,-0.013453767409957395,-0.014893128535693632,-0.01767780159795083,-0.015639543527328173,-0.01644815525091726,0.1273749540647593,0.007709660504959399,0.036112413784357554,0.10077224660019257,0.07721144140866802,0.07966779716514633,0.05521091829939487,-0.007043258101681655,-0.3031742702694602,-0.017792830796280152,-0.005454196623530021,-0.012357870463664244,-0.011561404264396868,-0.008221770691996208,-0.01724184203765184,-0.3154987471966281,-0.3113484560558112,-0.013873109520080636,0.010539120122932245,0.012020507713964661,0.013764487837117074,-0.008751157439595638,-0.016014734394445635,-0.01838162078783378,-0.014798967486651098,-0.0060379183342195355
restorative_sleep_pct,-0.28397638748938553,-0.010582882929846858,-0.014555671086961252,0.014872517374871632,-0.10325389330718057,-0.010014135621149315,-0.003183952775028046,-0.018764095726026064,0.00023373464770007314,-0.0090639845846775,0.005462113780976381,0.005896532118108111,-0.008066646493207638,0.008541430154896744,0.005782912705687328,0.012010467787107834,0.002206768841868391,0.017179187728530564,-0.03989657396224192,0.18006762380001248,0.03056014433550378,-0.005406162490289978,-0.0024836204657737934,0.013185500154188522,-0.10552931835760948,-0.043649469695525786,0.015137257482503153,0.7951954939146654,0.6048203397460306,-0.9999999999999999,0.005612236545172075,0.1887003690948093,-0.04035948958904956,-0.04174208100131622,0.17701466440778008,0.1742226460715409,0.015443046369216576,0.014823303437872373,0.0070116977958318855,0.025024637266910253,0.2839763874893865,0.25898492866996436,-0.07209135166822839,-0.15495931208625804,1.0,0.15310955931186215,0.25699157535644146,0.007155408821205314,0.006266824830022033,0.007138325067094143,0.008982043603007844,0.007610657564309974,0.010900519825411301,-0.0373771253493417,-0.010559365553367398,-0.9233789849217006,-0.03554593825956112,-0.02924188439097089,-0.030065563961106056,-0.03912833610257206,-0.006812734486720798,0.1706238388235503,0.00020886995247343127,0.01415264581788905,0.00042996547207634,0.006368658704974538,0.0058559066978629,0.0022599004912846428,0.18756610307248772,0.18585760810436905,0.0030492421463112662,-0.0082127895712911,-0.004817911046124939,-0.01005516540119357,0.022756658473654667,-0.002549259239823877,-0.00017005382196950925,0.0024068720647613157,-0.007011495507987493
avg_hr_bpm,-0.548850694290517,-0.07870608729294985,-0.10558174508489526,0.04333977195611771,-0.09879614578827363,0.017218153693574496,-0.12365023842206814,0.016287626181868298,0.003371990953401675,-0.017262669214281552,-0.005280252209339207,-0.01307612679384002,0.0013065799822687741,-0.09033411630244108,-0.08438564076985562,-0.04683077090667453,-0.07350335567988696,0.03962487546488876,0.7567157955444755,0.3177630655071547,0.049844869382475045,0.012762317410736513,0.006496906813628895,0.037304573656564574,-0.1956301071225793,-0.07459374853467232,-0.004886071442845039,0.19544350586105463,-0.00417990136726913,-0.15310955931186215,-0.09837762476928386,0.22774099194832703,0.7321167305093668,0.7153645715103524,0.31247949615821574,0.30310192116216267,-0.0014278956368528814,-0.005089290497002744,-0.09813244785189197,0.11672167360369748,0.548850694290517,0.14330997133325094,-0.12993113240983398,-0.29568463911495874,0.15310955931186215,1.0,0.6807979398218977,-0.09924051944623673,-0.0981732198617437,-0.09924997056522177,-0.09497040480460885,-0.09918693882094384,-0.09746796660855504,-0.05947461533027265,0.0017410404139734364,-0.006716067466789568,-0.09695567155974781,-0.08227797395845847,-0.08465676678896844,0.6980551204265292,-0.006329674973478892,0.2968033765598251,0.0005315654289676006,-0.01024295606209654,0.017644186574774446,-0.10000290483381086,-0.09725240560645429,-0.006634080333111244,0.2266688861036864,0.22171214910820172,0.023463151232793557,0.009595876488701268,0.013235547411638439,0.008069631947825544,0.02045334093915014,0.004464762418832815,0.007456506506698303,0.003964023594411221,0.00800703603200674
exercise_hr_bpm,-0.9017733581163716,0.008254289732669976,-0.007197213879587158,0.016389555644441948,-0.39734323276250494,-0.047722331468178815,-0.004584796620290903,0.014778055214236306,0.0010049247949408067,-0.021543150488098732,-0.014747258045531526,-0.012156469379489818,0.004661125633746761,0.012582365745950336,0.01613013017239958,0.006458993169401053,0.010278047636874432,0.004641955162399529,0.11369685898513436,0.5668724885031258,0.12405676405627344,-0.01471335063356391,-0.006255974755596028,0.04883378375020328,-0.33335944093035835,-0.14511570799976362,0.002634023383817307,0.3317599734312785,-0.011890630336250398,-0.25699157535644157,0.014672361734186285,0.6112157155486342,0.10588353412751254,0.10780147015751596,0.5570078095051548,0.5437273212117544,0.004489133507731455,0.0007410813883476056,0.014913478788852547,0.021814996519021673,0.9017733581163724,0.7194215201248383,-0.2319291059491869,-0.4798765374106198,0.25699157535644146,0.6807979398218977,1.0,0.01687257647432531,0.01748163867085027,0.016818738898467907,0.014205375492494596,0.016431232106932595,0.0170136906027386,-0.14700904087183475,0.001091913369614928,-0.030759243935729763,-0.14956240719309158,-0.12649558022089347,-0.1295396986798222,0.10755583449281068,-0.011566571110704854,0.530410770335011,0.009953312026324067,-0.0007188995261002574,0.004732281208486045,0.013243740633045786,0.013262346822453986,-0.001209317790191635,0.6095496776120084,0.6029289039998017,0.017245146443278583,-0.016193026782609355,-0.013743134342283237,-0.01932320060553548,0.025269042137827255,-0.00718888988835381,-0.003444802834464848,-0.0071338887807841376,0.01077160440327103
active_minutes_per_day,-0.020024722588441825,0.00449511514047915,0.00318208220525926,0.0016798152336068566,-0.2534558960219612,-0.00880921853765989,0.00933890611760462,-0.022108184152907395,-0.0074401584620551854,0.0009215420812463287,0.00022825512636720196,-0.005567549953288824,-0.01441107585185131,0.8608833440489561,0.798169781286133,0.40953739104110554,0.7234814707812913,-0.3088440056719754,-0.09687874081362491,0.07113370524535084,0.015390450155907568,-0.010905531813923197,0.001097781298385259,-0.003971917889607996,-0.0031383648392340688,0.006440264329567337,0.009869307728865599,0.015242173822662537,-0.008217804823063345,-0.007155408821205309,0.9800749071768939,0.44234130552139855,-0.09359998677474073,-0.0931141155379739,0.06790970132191243,0.06470007644896987,0.009816281600152098,0.008858371025049412,0.9736675349581367,-0.0018512836760242824,0.020024722588441887,0.058563239364093835,0.002367125914309976,-0.014913764579572318,0.007155408821205314,-0.09924051944623673,0.01687257647432531,1.0,0.9925104752963215,0.9999967936660151,0.9487068304065195,0.9976479926373295,0.982748253775911,-0.011407533625870651,-0.011146534654402528,-0.005455376484134682,0.005516549256754529,0.007269172145753885,0.007332206662137842,-0.08683036226348115,-0.017249374226847667,0.06550707683434503,-0.00949364146833572,0.0101451992972279,-0.0052280932259023225,0.966483555686284,0.9502738554161105,0.007611672749705907,0.44159261661046195,0.43657148231067666,0.01403778564116684,-0.00666666330587526,-0.009405277309518867,-0.008709795083387005,-0.001925309076388537,0.0005570545767414558,0.00083170943934866,0.0022576679043896683,-0.0040556182953675884
zone_low_min_per_week,-0.019049221015575282,0.0035742735892183132,0.002997336007591778,-8.626622913816542e-05,-0.24865673111747366,-0.010831400957880948,0.009115974406778941,-0.021967878271096825,-0.006388071281559034,0.00018515553447600328,0.0004173465826710172,-0.006441326129816903,-0.014810945793153726,0.828780813559687,0.7735288690448573,0.3720939689488336,0.7103723366900426,-0.30908867966150194,-0.09533721952402475,0.06849337494455861,0.015216467006906802,-0.008370577514224892,-0.000520798297581619,-0.0036106860369403047,-0.0027509175176183877,0.005931413452651437,0.008428572768921939,0.013621560747534296,-0.007554804629354952,-0.00626682483002203,0.9769791156474495,0.4353229484354711,-0.09171200124586117,-0.09107565547867477,0.0657012276376962,0.06270974824452362,0.009120188642591205,0.008769258463817996,0.9704889825221035,-0.003550542032852478,0.019049221015575206,0.05707186459193054,0.0022409275260825107,-0.013453767409957395,0.006266824830022033,-0.0981732198617437,0.01748163867085027,0.9925104752963215,1.0,0.9925018941488533,0.9029842935227281,0.9818028390096183,0.9670784060251868,-0.010344538105982565,-0.01064288485059827,-0.0046850120916614455,0.005686325751025275,0.006807953203406595,0.006941406132222393,-0.08511015791575369,-0.016059572547573817,0.06354677647291164,-0.009446983972897482,0.009542054207818809,-0.003513465367107607,0.9636079365524075,0.9478371041667928,0.005459175356165753,0.4347143208318399,0.4298418467746678,0.013337135580770876,-0.004039556962964863,-0.006993006312151509,-0.006116678473769589,-0.0029663676695854324,-0.0012330475328432538,-0.0005141230684149765,0.0009806946272365123,-0.003971712681697319
zone_moderate_min_per_week,-0.019974594197415846,0.004515029136478096,0.0031717280115919366,0.0016922705150933161,-0.25344246594988334,-0.008791942315680206,0.009360177779864672,-0.022120865738232874,-0.007457485390439618,0.0009340386313086651,0.0002741780943752576,-0.005590202604483732,-0.014444727538214689,0.8608920785422804,0.7981572471705162,0.4095177241783766,0.7235037132273625,-0.3088343643566731,-0.09684926247671925,0.07105397492682446,0.015408299199768834,-0.010902037176198707,0.0011255258133916256,-0.003961623795205371,-0.0031202302858439174,0.006452265200236107,0.009899780083846645,0.01524724961798438,-0.00825264572913521,-0.007138325067094139,0.9800816942983867,0.44231792550730675,-0.09357280413739377,-0.09309080437930627,0.06783111484252431,0.06462550603273062,0.009852817656146876,0.00890277841997555,0.9736744717124269,-0.0018307876176177579,0.01997459419741578,0.05850791034401024,0.002382194348485099,-0.014893128535693632,0.007138325067094143,-0.09924997056522177,0.016818738898467907,0.9999967936660151,0.9925018941488533,1.0,0.9487056166471951,0.9976465068471153,0.9827469399485255,-0.011388942266886425,-0.011196413587873379,-0.00544831921828434,0.005485415407781284,0.007240153602376719,0.007301196366059713,-0.0868040597376486,-0.017265492540076907,0.06543207743678468,-0.009484943269559919,0.010189449323491105,-0.005232955734495208,0.9664933296138971,0.9502723418011612,0.007672416181385298,0.4415723874418039,0.43655305892350493,0.014026380962812043,-0.006667312059804321,-0.009408118041705995,-0.008706856497999434,-0.0019494630885112118,0.0005867896763337523,0.0008555776273929774,0.0022989771201947346,-0.004108108091165598
zone_high_min_per_week,-0.021229256585618278,0.006523212318128298,0.003454974562969961,0.006108906696377364,-0.2479880896555994,-0.0029849298449793216,0.009215537545186005,-0.020884609896078328,-0.009604707339508732,0.002738835463262065,-0.00036431872283219544,-0.0028693670188110736,-0.012293634657749047,0.883110748342356,0.8055563510912741,0.47754688107366966,0.7062320644979423,-0.28639813487491644,-0.09407680934126633,0.07309097767626203,0.01471910671999417,-0.01670290266339236,0.005157252173179887,-0.0046456916087148255,-0.0039537672386537204,0.0072794369179515215,0.012843248774660213,0.01835004210907948,-0.00928707719699493,-0.008982043603007821,0.9187982442625895,0.42928515755386265,-0.09192227447224015,-0.09185291069726577,0.0689748562335078,0.06541983867979995,0.01085501304582386,0.008378762045981595,0.9130577200565694,0.0026392064178044185,0.021229256585618337,0.0583888227636781,0.0024979213649257525,-0.01767780159795083,0.008982043603007844,-0.09497040480460885,0.014205375492494596,0.9487068304065195,0.9029842935227281,0.9487056166471951,1.0,0.9681459856921354,0.9538453458352057,-0.013387916671592765,-0.011567832661497728,-0.007077181236693989,0.004746122248791248,0.008004156580150775,0.007884233252758343,-0.08519520344253537,-0.019079310456385046,0.0660928826428948,-0.008959824777245088,0.010905478266798071,-0.00928756922968969,0.905592041024514,0.8894135226918746,0.012530223069889958,0.42822087958329386,0.4231664461237426,0.014880720398143895,-0.012994344084132966,-0.014979134147149157,-0.014811870041289152,0.0009512668846972543,0.0050949548462481745,0.004211336537032259,0.005325225492512802,-0.0038867072897917324
training_load_7d_avg,-0.020451166108653773,0.00497830919273755,0.0032670222561833233,0.00265732206288155,-0.2544902622619643,-0.0076202230351181165,0.009398419730578162,-0.02203938413233642,-0.00797822866922112,0.0013261748822230989,0.0001112167782154936,-0.005036061134350081,-0.014085297368261095,0.8732530175896965,0.8067676906130644,0.427868892551485,0.7260905480877302,-0.30668402903864045,-0.09711475634460988,0.07216543377566328,0.015383526539327702,-0.012257303904383949,0.001993190463089751,-0.004150706666100912,-0.0033389392732831075,0.006681133712392048,0.010606852830800944,0.016050653835422504,-0.008528836151320952,-0.007610657564309978,0.9753858262268215,0.44338481074803754,-0.09405145128711251,-0.09365241248128443,0.06871998415428868,0.06540815839863308,0.010135056678990144,0.00884118888147472,0.9690668704780708,-0.0008897786940744661,0.020451166108653707,0.05902760218288118,0.002419333186571142,-0.015639543527328173,0.007610657564309974,-0.09918693882094384,0.016431232106932595,0.9976479926373295,0.9818028390096183,0.9976465068471153,0.9681459856921354,1.0,0.9850995254379329,-0.01193309172189361,-0.01134585573487399,-0.005853369662228617,0.005391503689547021,0.00748630008482048,0.007509813450550948,-0.0872318707043365,-0.01780066907285325,0.06619310570774205,-0.00945937398287003,0.010408074479941087,-0.006155023660130093,0.9617594059852236,0.9454120067292439,0.008757224097406263,0.4425617844297177,0.43748977177207693,0.014341287001201047,-0.00809708609856528,-0.01069673714178081,-0.010108486422360086,-0.0013235147047105525,0.0015518535236933842,0.0015766005948712363,0.002950988109109928,-0.004065339481725598
training_load_30d_avg,-0.02107913050602437,0.0038706287933704376,0.0036531699885691813,0.002379389264363572,-0.250505467761286,-0.008930827872340388,0.010974780017755991,-0.02402322561336855,-0.00960867720570867,0.004658467287979088,0.002089914899202637,-0.00048375783092849287,-0.012028508975228835,0.8616878008090664,0.795022140325767,0.421365329211192,0.716997879657949,-0.3026336809011907,-0.09581462520451275,0.06982930857211676,0.015816937124959008,-0.012935919716027257,0.0003495500702137157,-0.006944845073108887,-0.004272117528093712,0.005873389537185414,0.009318408288127328,0.018947774249044248,-0.006908163915146945,-0.010900519825411294,0.9608259171123413,0.4375927843917523,-0.09269002794141364,-0.09194868960667955,0.0664587422573901,0.06323711003621653,0.009248795574156957,0.006688612483671956,0.9547298892164093,-0.0013208196078537124,0.021079130506024512,0.05900548394562854,0.0015325707602744155,-0.01644815525091726,0.010900519825411301,-0.09746796660855504,0.0170136906027386,0.982748253775911,0.9670784060251868,0.9827469399485255,0.9538453458352057,0.9850995254379329,1.0,-0.013646282889742843,-0.0104892520642992,-0.009334675836679112,0.004745138259686261,0.007534891702822357,0.007541177604929742,-0.0859781298205074,-0.015983969609437043,0.06403468011266508,-0.00931933994129464,0.008896779154154634,-0.008014199360136684,0.9476628648976699,0.9314501631784091,0.009200788825990217,0.4368792170874829,0.43192756602380117,0.013773046589063462,-0.0090164162394878,-0.011112626671684899,-0.010373536343061755,-0.0019277451801355415,-0.00023879445078556243,8.181636226549936e-06,0.0011741809868029071,-0.003176192402978173
breathing_disturbances_per_hr,0.16694162399353213,0.139270107356686,0.03845837174750976,0.22767462444031455,0.11756446922399781,0.24871259102994675,-0.06971079702129131,-0.011400198726838619,0.006467264759034923,-0.0058809570605665,0.019650187038432805,0.002235925758710926,-0.00645874041082971,-0.012263759592963877,-0.014789509999234798,-0.00844881614736249,-0.008670731696435589,-0.011641227811608517,0.05232709685153128,-0.09871163059449144,-0.023296792067112247,0.033667998805550554,0.010533341409061878,-0.015348853137126237,0.1187719891997862,0.08444194918682947,-0.0014227470467805387,-0.052969974525838466,0.007926430888178801,0.037377125349341705,-0.007659983873652125,-0.0771593480817893,0.05379920175871599,0.05310991448746232,-0.09819557498840449,-0.09765876127004669,0.0019226985633597775,0.003651328196366912,-0.007724639343006193,0.22019721187000216,-0.16694162399353238,-0.16462004227365995,0.1017064470982077,0.1273749540647593,-0.0373771253493417,-0.05947461533027265,-0.14700904087183475,-0.011407533625870651,-0.010344538105982565,-0.011388942266886425,-0.013387916671592765,-0.01193309172189361,-0.013646282889742843,1.0,-0.0010150377434820141,0.2699324408919917,0.03712382469068601,0.02572004018279421,0.025524596010289193,0.05552376518438702,-0.01704920723700069,-0.09522428040220847,-0.001978980347538529,0.0018284423537074802,0.0056293222254006625,-0.005625973045752959,-0.006237981894743425,0.003800374455471545,-0.077280134653774,-0.07697917682586515,0.0015564261847034295,0.032136665028817735,0.03203166517798557,0.028494732164934672,0.011304896911654977,0.00942240814058,0.008480122055016612,0.0056802548069119115,0.0059260404388668236
sleep_consistency_score,0.005733650858758475,0.002540700383409994,0.008688881047497597,0.014504856766154418,0.015124825842837183,0.015462594453592857,0.004430844346530595,0.004417969579434858,0.014171668753951719,-0.00039550613004558455,-0.0068427850783681085,0.008799905929631174,-0.010530901052936302,-0.0021679359015853235,0.0011611084471454783,-0.0024034361070520466,-0.0009635875733259376,0.019246505850790786,0.0064369445014829515,-0.011559583737261079,0.004784602141175144,0.024267974435938026,-0.0016734450373794157,0.0002841697316551708,0.008935272882075329,0.007758915840266375,-0.011532076564114336,-0.012614488193300376,-0.0008471095614008753,0.010559365553367391,-0.01588051036415743,0.0014710498212609957,0.007833157010066203,0.005732697686604344,-0.011872327558650456,-0.012086316548837609,0.0037490933287903814,0.0048532250917212635,-0.015839882236082757,0.010304472730919471,-0.005733650858758669,-0.0076417443948294085,0.008504917296479784,0.007709660504959399,-0.010559365553367398,0.0017410404139734364,0.001091913369614928,-0.011146534654402528,-0.01064288485059827,-0.011196413587873379,-0.011567832661497728,-0.01134585573487399,-0.0104892520642992,-0.0010150377434820141,1.0,0.008738140247093955,0.015857404785154003,0.013447906195922444,0.01487383099998967,0.006004378743392801,-0.0018877013736395471,-0.009665878311677307,-0.009699228237670601,0.006531892811931703,-0.006218388891509279,-0.015310103372381591,-0.018268051936483863,0.017415153040122963,0.001747090564486036,0.00399997496535474,-0.015513804957092281,0.021578550116880917,0.022960639485063963,0.02477212545855717,-0.010394220339180896,-0.002044834018675015,0.0003048459955364499,0.0018835199826202336,-0.00437823453595063
awakenings_per_night,0.034520159407676096,0.05287163357596441,0.02216608434462361,0.05525578876211413,0.005705267305092328,0.06491412176005887,-0.019815129677971045,0.019581311383747472,0.004321384886098996,0.0007306254542577776,-0.006881518227700335,-0.006393524589250531,0.007726844350180362,-0.007940133121967128,-0.004851914028303229,-0.010744112803889332,-0.0023146803386438373,-0.01892967443536278,0.01799276232992086,-0.02376514880187546,0.0015953633280632693,0.009929335601676472,0.005747320430059883,-0.0034551551522169223,0.030773095662986704,0.01954282044315569,-0.014950086809558769,-0.7000925682098673,-0.6033615833689581,0.9233789849217,-0.0034632282183067738,-0.00825920042535876,0.01805937548776377,0.021737453621607998,-0.023129879676009733,-0.02464784076154398,-0.014277853628320129,-0.014683638925323879,-0.004804208830646336,0.045541848769650346,-0.03452015940767619,-0.037113076289198924,0.02499371236942224,0.036112413784357554,-0.9233789849217006,-0.006716067466789568,-0.030759243935729763,-0.005455376484134682,-0.0046850120916614455,-0.00544831921828434,-0.007077181236693989,-0.005853369662228617,-0.009334675836679112,0.2699324408919917,0.008738140247093955,1.0,-0.0012666027087642662,-0.003216141675606418,-0.0033877286518223344,0.020813394492146246,0.0015764830140520686,-0.02497848493331929,0.0037171421614454804,-0.015255315067718316,0.003686153078240888,-0.003842422303758663,-0.0034393956371772715,-0.0018751803072965746,-0.007636570871264496,-0.0082752748984933,0.004747981014376572,0.01189518424069386,0.00902532128714613,0.011425898034648616,-0.011206020167438067,0.005251616412776778,0.0035544293715960057,0.0002887026453292267,0.008207621549394367
irregular_rhythm_alert,0.1631733823815295,-0.011229623004722007,-0.0072262938776046825,-0.007060873712276747,0.08240617218637054,0.012314136406409076,0.006827700553558721,-0.004748078269662263,-0.0012933334249977666,0.009255519606135024,0.014334938864177567,-0.0014253238358020242,0.016248637236395375,-0.0013411240210277292,0.008482013809022736,0.0034866687135881305,-0.003707285958005762,-0.0047171132464680025,0.011863685843102503,-0.10161217573640138,-0.035352715825714566,-0.013695019103519397,0.01164752448388839,0.2394843351136902,0.07738463358095131,0.041664333529716595,0.008857225588203638,-0.0487286996484585,0.005376091575172591,0.03554593825956113,0.004615983002272317,-0.1111079853210499,0.010882667000330847,0.012702829920645739,-0.1020600629157482,-0.09900564528718654,0.012159379044090016,0.008183391606418578,0.0063367538125853684,-0.0022042909523668913,-0.1631733823815299,-0.14407435172565947,0.05847388088095062,0.10077224660019257,-0.03554593825956112,-0.09695567155974781,-0.14956240719309158,0.005516549256754529,0.005686325751025275,0.005485415407781284,0.004746122248791248,0.005391503689547021,0.004745138259686261,0.03712382469068601,0.015857404785154003,-0.0012666027087642662,1.0,0.8757967284868848,0.8924962926460216,0.010532105825774022,0.008247753494900036,-0.09551877240209485,-0.006563767995976727,0.003630027939562219,0.013940522681080841,0.007341109332609137,0.0074933282664863335,-0.0014433438319895644,-0.11097763611584156,-0.11020808545302102,-0.00019322827560971616,-0.013355235690852832,-0.013015165606613522,-0.009062827948646148,-0.01520864255485859,0.01190245136494804,0.011031516591163214,0.004497379123851152,0.015579986231194023
irregular_rhythm_events_7d,0.13756028193343173,-0.005416047676854988,0.0027566214631278385,-0.006970052704000584,0.06337464158261052,0.006346474807980989,0.005961008770295307,0.0006459917694649179,-0.002051819644758688,0.00824616555739235,0.007758196377910428,-0.003266721800934945,0.015611885118332943,0.0004517930766472477,0.008724281462151364,-0.0003158594274626797,0.0007117208139809647,-0.003054844547991825,0.010595640676043433,-0.08504492558093252,-0.0322846684271984,-0.015303350388464292,0.009968832674461957,0.1905934333286455,0.05565105263904027,0.026402642753679637,0.012925483832789459,-0.04289369500357943,0.008109262053054692,0.029241884390970908,0.00666521346587762,-0.08715855711422742,0.008871006532984832,0.011766849831329588,-0.08549186036870275,-0.08454796766044564,0.015622064404090866,0.010942090561501451,0.008498629216973409,-0.008163553591386551,-0.13756028193343192,-0.12171376703566104,0.0399830532884045,0.07721144140866802,-0.02924188439097089,-0.08227797395845847,-0.12649558022089347,0.007269172145753885,0.006807953203406595,0.007240153602376719,0.008004156580150775,0.00748630008482048,0.007534891702822357,0.02572004018279421,0.013447906195922444,-0.003216141675606418,0.8757967284868848,1.0,0.9974314150256713,0.010431916143241151,0.004600318015564235,-0.08185060748506419,-0.004356508383500762,0.0058656202537034205,0.015376654197937555,0.008535884083271786,0.00880282407694044,-0.0021700603448500094,-0.08709657190280051,-0.08677212833727442,0.0017593649122626266,-0.014748238357287282,-0.01482619939798022,-0.010944265719104746,-0.014716134149519965,0.00935293617775621,0.008728839453132967,8.668934710953486e-05,0.02180348508157249
irregular_rhythm_events_30d,0.14087072446064788,-0.006622607311729022,0.001889202940212974,-0.007119558989774639,0.06555195203543028,0.006468380904061041,0.005767007453086355,7.622177529997177e-05,-0.0027249113942176147,0.009337070757870889,0.0073030360732069905,-0.0030321733453357773,0.016531720581068412,0.0006160275353011567,0.009246335382561132,-0.0003836995000111597,0.000941054632644341,-0.0035643215286466543,0.010225118751703153,-0.08763858048674425,-0.034061227224220315,-0.015365707217871765,0.010226953857269154,0.19409971299126894,0.057033453107783925,0.026654222382603784,0.012128169977665878,-0.04427167208254156,0.008560633466756326,0.030065563961106063,0.006659021612491857,-0.09013127279046769,0.00847868496508094,0.011108347822285588,-0.08815837788660842,-0.08722695778137023,0.014983578370376243,0.010727282410683858,0.008398493658040003,-0.007901850900192901,-0.14087072446064816,-0.12437486722777902,0.04074104701414519,0.07966779716514633,-0.030065563961106056,-0.08465676678896844,-0.1295396986798222,0.007332206662137842,0.006941406132222393,0.007301196366059713,0.007884233252758343,0.007509813450550948,0.007541177604929742,0.025524596010289193,0.01487383099998967,-0.0033877286518223344,0.8924962926460216,0.9974314150256713,1.0,0.009508496540846624,0.00586594707132983,-0.08457606390198362,-0.003905111784066878,0.005740541190928778,0.015097714201157268,0.0085996087688664,0.008756783189641496,-0.0015766789810417324,-0.09004946388795634,-0.08954678841364559,0.0006771041759723389,-0.014922265201723501,-0.01495134735953916,-0.011149825120405707,-0.014359139786318547,0.009674896638098217,0.009003609451480503,0.00037498394537129217,0.021710767137775002
rhr_90d_ago,0.11331221265327222,-0.054509981414487166,-0.07243634413103908,0.04541369299537338,0.16680075932356403,0.06518851849879113,-0.09522419963760761,0.0015008544063208485,-0.0006289478543267655,-0.0028864712763329897,0.011895494728789688,-0.009449781645718502,0.0005576482501886862,-0.08033548092091568,-0.07622528704401343,-0.046841000049063185,-0.06211868169296386,0.0284737843314632,0.9213256616893597,-0.08230864401602545,-0.030288796235310198,0.027004161719475953,0.0021870650880113523,0.0019225340525529627,0.0541527810398972,0.04065118690062974,-0.018089407232042512,-0.04798751570379702,-0.0015054459919515355,0.03912833610257208,-0.08433660185029804,-0.1880072459164146,0.948363830207845,0.9748163999661555,-0.08243516146964085,-0.08161297038810582,-0.013038433523021711,-0.013532720687423108,-0.08444670288548589,0.09766318322102058,-0.11331221265327242,-0.49124668884848,0.04765091602058535,0.05521091829939487,-0.03912833610257206,0.6980551204265292,0.10755583449281068,-0.08683036226348115,-0.08511015791575369,-0.0868040597376486,-0.08519520344253537,-0.0872318707043365,-0.0859781298205074,0.05552376518438702,0.006004378743392801,0.020813394492146246,0.010532105825774022,0.010431916143241151,0.009508496540846624,1.0,-0.22730369219563118,-0.07896830314979421,-0.0043819620708993945,-0.016612138550922334,0.011789036080190229,-0.08557284110762454,-0.08335599908470304,-0.004927444898019956,-0.18782791636059326,-0.18759410669122178,0.0070159924436703595,0.024541797102074603,0.02594908800131231,0.022307974171772476,0.012528435731254985,0.0010421590066805146,0.003339188483260462,0.00046146827592409746,0.0071717765421830315
rhr_trend_per_week,0.004942332205144814,-0.023947585921829623,-0.013399374993447215,-0.012392151692090347,0.019769644413946606,-0.013316512125760366,0.013395872324986006,0.007670045753258151,-0.012893542242664252,0.011998578196362752,-0.0057421336993439065,0.004205891598080011,0.0037394985040781164,-0.018061654752261586,-0.015074126099336962,-0.01709597910921607,-0.009859343657098734,0.007511395679860033,-0.004223157002682298,-0.00579568899185705,-0.00694029978995739,0.0006309306712909937,-0.00015327621532471223,0.018771658200999266,-0.005663673052550759,-0.00329874607372765,-0.0004873918487300405,-0.0014112355065619203,-0.009382103007176736,0.006812734486720805,-0.015149786186139451,-0.01806614869867729,-0.0033296832724122446,-0.004408172442853951,-0.0027089935441703726,-0.0011350498383838194,-0.004553873289822599,-0.0028275214384316707,-0.01601826050928994,-0.004789803133117378,-0.004942332205144694,-0.0024005494615197864,-0.004428061929126549,-0.007043258101681655,-0.006812734486720798,-0.006329674973478892,-0.011566571110704854,-0.017249374226847667,-0.016059572547573817,-0.017265492540076907,-0.019079310456385046,-0.01780066907285325,-0.015983969609437043,-0.01704920723700069,-0.0018877013736395471,0.0015764830140520686,0.008247753494900036,0.004600318015564235,0.00586594707132983,-0.22730369219563118,1.0,0.0009199311951299816,-0.009067995274623295,0.00022929302309850487,-0.009745019089197102,-0.016282617897238897,-0.015413381706876698,-0.0033768756477112276,-0.01859558269240848,-0.018596543335195614,0.0008396357541842814,0.0003649126818158075,0.002302285318515527,0.004330060466115539,-0.00889294575759177,-0.0016242543227726236,-0.004871133260476329,0.0018843083288158909,-0.017451244792702304
hrv_90d_ago,-0.5828159324836469,0.06111392616752445,0.03648343712943642,0.035141744416484696,-0.3051131642668732,-0.00808289133055272,0.0738310130142365,-0.010545112333951438,0.008323203529608037,-0.44340491789811964,-0.025868662755815973,0.008503746753219923,-0.0003560812568199587,0.060896027246084776,0.05409792647736854,0.03912824399283149,0.04482168604679164,-0.020590240228900554,-0.09017876036177536,0.9317809910720409,0.09995659101540799,-0.024108548991056637,-0.005339473660390092,0.029657828052730078,-0.20185215556311256,-0.0784039494690115,0.06398333395253074,0.22079427116125375,-0.008590100183541127,-0.17062383882355028,0.06211237681529689,0.47327539167342103,-0.08801977596230492,-0.08087992739344724,0.9483698094094128,0.9745706419410809,0.0617109880551699,0.05542036793217629,0.06128110617523543,0.013426974392816558,0.5828159324836468,0.535079883974531,-0.1349223651044828,-0.3031742702694602,0.1706238388235503,0.2968033765598251,0.530410770335011,0.06550707683434503,0.06354677647291164,0.06543207743678468,0.0660928826428948,0.06619310570774205,0.06403468011266508,-0.09522428040220847,-0.009665878311677307,-0.02497848493331929,-0.09551877240209485,-0.08185060748506419,-0.08457606390198362,-0.07896830314979421,0.0009199311951299816,1.0,-0.20208906082516725,0.0522153691311765,0.003470752815329703,0.0609918281934257,0.06183955780381007,-0.00973287974359207,0.471006033580021,0.46724440517971305,0.004078647359661881,-0.0253639733632515,-0.025382478082397228,-0.02468439744327294,-1.983393473401844e-05,-0.0047509456632634705,-0.004941443655289052,-0.007033954051706841,0.006728576799675074
hrv_trend_per_week,-0.011626834212134075,-0.005948528303581828,-0.011684367578287627,-0.01344685749734863,-0.001093066367081562,-0.008586386965657602,-0.009306662918379846,0.0043432951058087815,0.010771056749524034,-0.008855003878063447,-0.0013142690338900304,-0.006976932530957076,0.0072602819518896985,-0.014090849337997098,-0.008439165032786244,-0.006107620935715371,-0.012214479364242123,0.005407198072475424,-0.008218038938732833,0.022972916054328642,0.004031258474233112,-0.007273001298182837,0.011062616897535476,0.0062720580458205805,-0.009605229246025061,-0.0012032361229131479,-0.009215849213958172,0.0019109140625697928,-0.0021652558649620066,-0.00020886995247342124,-0.008253628200288075,0.000646511552752593,-0.003873169715208342,-0.006573494165389494,0.021928972823378787,0.02250696061935027,-0.005941797393934917,-0.003667812264456472,-0.00808139236553831,-0.005111654525760896,0.011626834212133884,0.013424655626892738,-0.004956225419384049,-0.017792830796280152,0.00020886995247343127,0.0005315654289676006,0.009953312026324067,-0.00949364146833572,-0.009446983972897482,-0.009484943269559919,-0.008959824777245088,-0.00945937398287003,-0.00931933994129464,-0.001978980347538529,-0.009699228237670601,0.0037171421614454804,-0.006563767995976727,-0.004356508383500762,-0.003905111784066878,-0.0043819620708993945,-0.009067995274623295,-0.20208906082516725,1.0,-0.0072205636659876445,0.012438760940530001,-0.0068718557892650045,-0.008408104138321772,0.008955118887795028,0.0016081671311568401,-0.0005508585296542175,0.014708584697165312,-0.0064458720861487896,-0.008091824585266385,-0.007306629972563263,-0.002534329062168122,0.009466240227377843,0.008983380631271954,0.010428093514839126,-0.005770327907044739
sleep_90d_ago,-0.0026266392234024173,-0.005264704553194755,-0.0046408050425482406,0.0037743523867318496,0.0052455048989929615,0.005757220614012388,0.00724512054306484,-0.02575674310380172,-0.23304648145281417,-0.12746521222272267,-0.0007083801249610567,-0.0018315536162035251,-0.013735772850380716,0.00022292950078944978,0.00998899067235526,0.011962619362549047,-0.007229609899191654,-0.007554181507916084,-0.014066303950576555,0.05366718225935144,0.0028959956562399744,-0.006035764239854387,0.010659193185661794,0.0032047033537373573,0.005684068792904781,0.012714072936345938,0.8525575050159174,0.0066904643367748035,0.014553546107634615,-0.014152645817889055,0.007667752490615452,0.008862766402036634,-0.018089629746464754,-0.017002848656169956,0.05424158306009413,0.05164860897461963,0.9062377612387558,0.9534781490812335,0.007424023186860731,0.00421401137880256,0.0026266392234023783,0.008263858332639167,0.009911363677015483,-0.005454196623530021,0.01415264581788905,-0.01024295606209654,-0.0007188995261002574,0.0101451992972279,0.009542054207818809,0.010189449323491105,0.010905478266798071,0.010408074479941087,0.008896779154154634,0.0018284423537074802,0.006531892811931703,-0.015255315067718316,0.003630027939562219,0.0058656202537034205,0.005740541190928778,-0.016612138550922334,0.00022929302309850487,0.0522153691311765,-0.0072205636659876445,1.0,-0.2753678439120073,0.008434138154009126,0.008515401887175483,-0.001154569233965694,0.009364369979868484,0.009672871013385636,-0.0025214092426436093,-0.0052930360133254025,-0.00498302573345352,-0.0019522144956651251,-0.012272567155186086,0.01105631599177883,0.01196185955892262,0.015721552168043305,-0.012684546511564638
sleep_trend_per_week,-0.003915678212987297,-0.013320511876262613,-0.009773494155096712,-0.019939358962375885,-0.0025336063870368447,-0.014862870135049899,-0.0032011785574865385,-0.013986595481048277,0.002271970811258768,-0.004115117091557095,-0.008431187801784661,0.02202520616827509,0.0036332396785974884,-0.0005950133737286149,-0.005708108146050298,-0.0016118344543746186,0.0003311792815709221,0.00191496601811716,0.01821223071423437,0.006780158622578566,-0.01129865054491558,0.0009136108162005487,0.0003161024457202194,0.009583404143412905,-0.009992515727505523,-0.005871599715885966,0.028077328036053242,0.008216283614721202,-0.010081865834281487,-0.00042996547207636263,-0.004973115628627139,-0.0057898945657129585,0.01503966388292758,0.009876034161919808,0.005792295020142995,0.006389273279853296,0.025015211099970767,0.027241733617862307,-0.0061011246789771725,-0.01463849035416384,0.003915678212987484,-0.004467348888731559,-0.007847093931733877,-0.012357870463664244,0.00042996547207634,0.017644186574774446,0.004732281208486045,-0.0052280932259023225,-0.003513465367107607,-0.005232955734495208,-0.00928756922968969,-0.006155023660130093,-0.008014199360136684,0.0056293222254006625,-0.006218388891509279,0.003686153078240888,0.013940522681080841,0.015376654197937555,0.015097714201157268,0.011789036080190229,-0.009745019089197102,0.003470752815329703,0.012438760940530001,-0.2753678439120073,1.0,-0.0070216234723206655,-0.007736470750303996,0.004485101312620909,-0.006235650414775673,-0.006806741523327741,0.004209535119129533,-0.002307006706615765,0.0011846800444241799,0.0005395807939834026,0.002545735401967075,0.000836353574183974,0.0017576810260650842,-0.0005421043151683905,0.00589662871977508
steps_30d_avg,-0.017000578524341503,0.007813092126340702,0.007993029348086782,0.003161803209320387,-0.2342181949257333,-0.007404400596208181,0.008589255521435453,-0.02792768475896496,-0.007764319244805615,0.0032692929543151244,0.0029339703152095613,-0.005246764964011697,-0.014539875435733408,0.7960307696978914,0.6807471563239343,0.37840081053196306,0.669158061449223,-0.31236531776252197,-0.09723502959901854,0.06504310323354442,0.01435212366116127,-0.012671253296403076,0.002848061473137968,-0.006645773311916961,-0.00016632996097306544,0.008429318355103157,0.006897433342014539,0.014625963966524326,-0.008706006426571882,-0.0063686587049745485,0.9860393034086176,0.4176916078325897,-0.09345385666661779,-0.09160263558466815,0.0626966258538811,0.0606910879704768,0.006198178064521334,0.00651697945730683,0.9931894596003444,-0.003162517183026769,0.017000578524341604,0.056139911054290385,0.004832185050841958,-0.011561404264396868,0.006368658704974538,-0.10000290483381086,0.013243740633045786,0.966483555686284,0.9636079365524075,0.9664933296138971,0.905592041024514,0.9617594059852236,0.9476628648976699,-0.005625973045752959,-0.015310103372381591,-0.003842422303758663,0.007341109332609137,0.008535884083271786,0.0085996087688664,-0.08557284110762454,-0.016282617897238897,0.0609918281934257,-0.0068718557892650045,0.008434138154009126,-0.0070216234723206655,1.0,0.9830463968072995,0.008866216715835129,0.41683691583638516,0.4115431173054327,0.017039075674325117,-0.00896063196448863,-0.011409331232613382,-0.01080056298288552,-0.0013222870496714001,0.002082386388771478,0.0028059627769027326,0.004464209580635538,-0.00509887909541709
steps_90d_ago,-0.016905440210081023,0.010341079771528058,0.009755337533351893,0.0056220270937948295,-0.23148622630192012,-0.005330568648816496,0.006880799058390061,-0.025616049059321064,-0.010503200877147765,0.0026684129887312104,0.0015362143653802935,-0.001718739978047865,-0.013858705664819842,0.7835671203187535,0.668234192445691,0.3724128195383716,0.6587204723051066,-0.30616885647038544,-0.09447771087328827,0.06537966588398778,0.015076289470353835,-0.013305730019751626,0.0018340582151910847,-0.007544039018289166,0.0018489444931645252,0.008977237614721887,0.006474301085878236,0.0162299094754382,-0.011658200654351747,-0.0058559066978628865,0.9696368618705281,0.4111571060826082,-0.09103075349135337,-0.08912664400446364,0.0630180492489278,0.06120491282113813,0.005893778321107162,0.0063795164312849045,0.976336438022389,-0.0015732329691504085,0.016905440210081033,0.0548775435145791,0.006042046353688551,-0.008221770691996208,0.0058559066978629,-0.09725240560645429,0.013262346822453986,0.9502738554161105,0.9478371041667928,0.9502723418011612,0.8894135226918746,0.9454120067292439,0.9314501631784091,-0.006237981894743425,-0.018268051936483863,-0.0034393956371772715,0.0074933282664863335,0.00880282407694044,0.008756783189641496,-0.08335599908470304,-0.015413381706876698,0.06183955780381007,-0.008408104138321772,0.008515401887175483,-0.007736470750303996,0.9830463968072995,1.0,-0.1746338559384262,0.410494141127946,0.40514247552046617,0.01772795189382096,-0.009687761189476594,-0.012130847353262406,-0.01087749725462238,-0.003960564049480643,0.000739319632964402,0.0008980120096819148,0.002756973328806961,-0.005255248831539682
steps_trend_per_week,0.0009043723590099161,-0.014446960718075415,-0.01028388007543467,-0.013686778914163146,0.004684100785916282,-0.010694948609300982,0.008601160399155915,-0.010268180121726369,0.015578681077474137,0.003012651982677884,0.007375959553998628,-0.018803818558705707,-0.002499061803778074,0.0014289690229474599,0.011332908285964442,0.0010277204813899188,0.0009832444651163516,-0.007678402272868542,-0.006900119483219357,-0.007284483406843709,-0.005146474183713083,0.004519917326388424,0.00528567557287041,0.005454161554278513,-0.010973680167854837,-0.0036918948582332707,0.0017245208803374308,-0.009972901557274169,0.016825072749774406,-0.0022599004912846345,0.007028019266710583,0.0007150890222603954,-0.005393410344061794,-0.005835886296553298,-0.007005520046702741,-0.007886396140625687,0.0011356656247028805,0.00019817780183789554,0.008887173223302448,-0.008406688864756474,-0.0009043723590097392,0.0021858972686079332,-0.007000236309598881,-0.01724184203765184,0.0022599004912846428,-0.006634080333111244,-0.001209317790191635,0.007611672749705907,0.005459175356165753,0.007672416181385298,0.012530223069889958,0.008757224097406263,0.009200788825990217,0.003800374455471545,0.017415153040122963,-0.0018751803072965746,-0.0014433438319895644,-0.0021700603448500094,-0.0015766789810417324,-0.004927444898019956,-0.0033768756477112276,-0.00973287974359207,0.008955118887795028,-0.001154569233965694,0.004485101312620909,0.008866216715835129,-0.1746338559384262,1.0,-0.00025880812238266836,0.0004983739789598602,-0.005174627309985531,0.0047155771539615764,0.00488962624187711,0.0013243035269173012,0.014494885213131695,0.007144051359905746,0.010165177724361773,0.00892936010429135,0.00128716310985295
vo2max_30d_avg,-0.6779953677820961,0.43778417398436115,0.31500205246428165,0.23534341141846082,-0.6669168509033045,0.17491327225315303,0.11063530953402648,0.0036176485368942407,0.0011183421917534888,-0.011775064941710201,-0.02382929229238792,-0.004092677324194527,-0.009175223298732408,0.4065535544530722,0.40878007446276404,0.19511038255432925,0.3405982934242233,-0.12121017813373247,-0.20804899834658788,0.50115882625264,0.1333493429620665,-0.008392149152198708,-0.0032774314229279226,0.033220837937401645,-0.20261364284015748,-0.07030404536818327,0.013886269025875581,0.24904270402701206,-0.017749357299751113,-0.18756610307248767,0.42214507667639106,0.9973108811558172,-0.20227478635620152,-0.19712984103450065,0.4919700865247446,0.4811758647420437,0.01370766216570919,0.007755545522521897,0.4213326094601756,0.045547584396637794,0.6779953677820952,0.6666535861957098,-0.1305379169651889,-0.3154987471966281,0.18756610307248772,0.2266688861036864,0.6095496776120084,0.44159261661046195,0.4347143208318399,0.4415723874418039,0.42822087958329386,0.4425617844297177,0.4368792170874829,-0.077280134653774,0.001747090564486036,-0.007636570871264496,-0.11097763611584156,-0.08709657190280051,-0.09004946388795634,-0.18782791636059326,-0.01859558269240848,0.471006033580021,0.0016081671311568401,0.009364369979868484,-0.006235650414775673,0.41683691583638516,0.410494141127946,-0.00025880812238266836,1.0,0.9892737436181839,0.0273780110479216,-0.009213968939781353,-0.00815260636596592,-0.012627998732342634,0.01995619589589786,-0.003480332358375273,-0.0021935740201249067,-0.0025757812915834268,0.0014932191281297603
vo2max_90d_ago,-0.6703690047251717,0.4329855362192298,0.3105271884984046,0.23033803009179432,-0.6609275486441932,0.17189406570387672,0.11100308187907053,0.0032080973670455563,0.0007675996252367335,-0.01147636495598075,-0.025201164956612825,-0.003430132651472302,-0.009722339066490459,0.40260776982419,0.40530201622488227,0.1946235956733836,0.3364125713115853,-0.11875351651104273,-0.2084019408923622,0.4961628400823306,0.13111992231913627,-0.009978685199783113,-0.003123374332094719,0.030707476605345545,-0.19875353362106246,-0.0675676157947376,0.014158757178993621,0.2465968979051175,-0.01735477678034395,-0.18585760810436897,0.41710488389502826,0.9867258659131767,-0.20208965715358065,-0.19688947691205563,0.4873420744723814,0.4768416148688141,0.014830417185077056,0.007894123571642358,0.41610179991413704,0.04286787615143597,0.6703690047251719,0.6603086411043673,-0.12723212324624728,-0.3113484560558112,0.18585760810436905,0.22171214910820172,0.6029289039998017,0.43657148231067666,0.4298418467746678,0.43655305892350493,0.4231664461237426,0.43748977177207693,0.43192756602380117,-0.07697917682586515,0.00399997496535474,-0.0082752748984933,-0.11020808545302102,-0.08677212833727442,-0.08954678841364559,-0.18759410669122178,-0.018596543335195614,0.46724440517971305,-0.0005508585296542175,0.009672871013385636,-0.006806741523327741,0.4115431173054327,0.40514247552046617,0.0004983739789598602,0.9892737436181839,1.0,-0.11893375768184036,-0.010971636423724396,-0.009876371660725669,-0.014523508907461999,0.02087316208048097,-0.003045665016992018,-0.002368360394651469,-0.0029125016864349927,0.0019726430408521286
vo2max_trend_per_week,-0.020987898554508232,0.012690398198158188,0.016119939000012875,0.023391402775934527,-0.010306784165479308,0.012579628632836173,-0.007625631342559516,0.002632194602557713,0.002313757034000252,-0.001517965520731863,0.01044260465159641,-0.0044334871040136855,0.004187506784631428,0.008297861260929264,0.004995563125580185,-0.005693744003068694,0.013004584587724065,-0.01123105673691742,0.011957456362105205,0.011132610048105623,0.009090630048081519,0.01127292541910922,-0.0009030124251313719,0.01563949456767043,-0.017098092121111068,-0.015507654142918884,-0.0024970872076895893,0.0052507809855583745,-0.001867370069080259,-0.0030492421463112636,0.015058919785618935,0.026534831459338024,0.008010554861102505,0.007393267460347923,0.00904562340171902,0.00753127452517415,-0.008296991016092388,-0.0012791211216491324,0.016401967237653102,0.016214016617824435,0.020987898554508187,0.012754573179549032,-0.016627850243488486,-0.013873109520080636,0.0030492421463112662,0.023463151232793557,0.017245146443278583,0.01403778564116684,0.013337135580770876,0.014026380962812043,0.014880720398143895,0.014341287001201047,0.013773046589063462,0.0015564261847034295,-0.015513804957092281,0.004747981014376572,-0.00019322827560971616,0.0017593649122626266,0.0006771041759723389,0.0070159924436703595,0.0008396357541842814,0.004078647359661881,0.014708584697165312,-0.0025214092426436093,0.004209535119129533,0.017039075674325117,0.01772795189382096,-0.005174627309985531,0.0273780110479216,-0.11893375768184036,1.0,0.012487541865146104,0.012200032242460232,0.01358341460389467,-0.007205589841432858,-0.002811410800965494,0.0012968325018954028,0.0024253408952783395,-0.003357009097088315
resp_7d_avg,0.017851233612366575,0.025604261324403625,-0.003939877324864583,0.05848905230224853,0.039155217866882135,0.06758806087340456,-0.06203817223474804,-0.009564275517468851,0.004818513175415374,0.0085942492662493,0.015159945562624682,-0.008489838253416034,-0.003229405016025396,-0.006200938158588035,0.003587627287385568,-0.0061543138513459805,-0.0032066870795019603,-0.005558050573212901,0.020510786238143213,-0.030501997912931775,0.0013364597777510972,0.98885198594506,0.0010702625168087507,0.003266790261789486,0.011600607162355314,0.009675582780178578,-0.005053263882248327,-0.0021820641810866175,-0.010678697042554683,0.008212789571291092,-0.009201578487769816,-0.009637985839289244,0.022266804970861892,0.02528429648461397,-0.03240387051029195,-0.027367147883113965,-0.006033612847792885,-0.006269643695767865,-0.009146703208981156,0.0668627784794319,-0.017851233612366603,-0.023993244680784162,0.010781374514902997,0.010539120122932245,-0.0082127895712911,0.009595876488701268,-0.016193026782609355,-0.00666666330587526,-0.004039556962964863,-0.006667312059804321,-0.012994344084132966,-0.00809708609856528,-0.0090164162394878,0.032136665028817735,0.021578550116880917,0.01189518424069386,-0.013355235690852832,-0.014748238357287282,-0.014922265201723501,0.024541797102074603,0.0003649126818158075,-0.0253639733632515,-0.0064458720861487896,-0.0052930360133254025,-0.002307006706615765,-0.00896063196448863,-0.009687761189476594,0.0047155771539615764,-0.009213968939781353,-0.010971636423724396,0.012487541865146104,1.0,0.9776018035545726,0.9500895940590791,0.0048229252562582755,0.0027551072451038033,-0.0019167352343897436,0.002709994287907933,-0.012249550435753194
resp_30d_avg,0.01587041662038782,0.02666176224036782,-0.0047763852619733755,0.05893963766144345,0.03778383218226365,0.06777521149528738,-0.06335936286288721,-0.0050080478613897614,0.0011879324805810934,0.011117510339335133,0.014501336700524546,-0.008466840510825113,-0.005729725638914709,-0.006737569426877143,0.002835176760792429,-0.007970745842593722,-0.0026810825524053996,-0.003759108843362203,0.02311503117910035,-0.031575836855868004,-0.00071873888804459,0.9887992021702071,0.006528880604099984,0.002874099468788982,0.01327341339084519,0.011099599668602573,-0.003030157044833485,-0.001220161019315735,-0.006343188590813179,0.004817911046124945,-0.012047205813573146,-0.008787278953901844,0.024468192783946106,0.027172503151342568,-0.03326094807654164,-0.027762918996668415,-0.003685779824978996,-0.004844777253801801,-0.012032891248448587,0.0679181941722792,-0.01587041662038805,-0.02342172564741563,0.01236469416615566,0.012020507713964661,-0.004817911046124939,0.013235547411638439,-0.013743134342283237,-0.009405277309518867,-0.006993006312151509,-0.009408118041705995,-0.014979134147149157,-0.01069673714178081,-0.011112626671684899,0.03203166517798557,0.022960639485063963,0.00902532128714613,-0.013015165606613522,-0.01482619939798022,-0.01495134735953916,0.02594908800131231,0.002302285318515527,-0.025382478082397228,-0.008091824585266385,-0.00498302573345352,0.0011846800444241799,-0.011409331232613382,-0.012130847353262406,0.00488962624187711,-0.00815260636596592,-0.009876371660725669,0.012200032242460232,0.9776018035545726,1.0,0.9717857987230495,0.00524668943496258,0.008112057406525123,0.003870878900387687,0.008467940857886193,-0.013343302648755285
resp_90d_ago,0.02159216226779046,0.020569502252222212,-0.01009530386350266,0.05624582696898995,0.044698058111610754,0.0661739678974228,-0.05948328461340201,-0.005396858400389136,0.0033696569414336736,0.009088169777909333,0.014286973499285168,-0.005245756988016088,-0.005887116533916526,-0.00809319603154142,0.003107049565587958,-0.008683234133016351,-0.003778060299074062,-0.0068531804313412565,0.021423805946719512,-0.03176994542912709,-0.004034400556697242,0.9611392489010124,0.0065548559566399895,0.007340909615561487,0.012156166821759228,0.008096007182995052,0.0012701470480457552,-0.007636946173139651,-0.00655290317670278,0.010055165401193564,-0.011780490928056562,-0.013510615696977441,0.02199561295713129,0.023899634676330897,-0.033294074812850315,-0.026870209837570797,0.0006081612497719086,-0.001898892068667177,-0.011422011972348864,0.06895676342113899,-0.02159216226779062,-0.027570946752903214,0.010119839098205803,0.013764487837117074,-0.01005516540119357,0.008069631947825544,-0.01932320060553548,-0.008709795083387005,-0.006116678473769589,-0.008706856497999434,-0.014811870041289152,-0.010108486422360086,-0.010373536343061755,0.028494732164934672,0.02477212545855717,0.011425898034648616,-0.009062827948646148,-0.010944265719104746,-0.011149825120405707,0.022307974171772476,0.004330060466115539,-0.02468439744327294,-0.007306629972563263,-0.0019522144956651251,0.0005395807939834026,-0.01080056298288552,-0.01087749725462238,0.0013243035269173012,-0.012627998732342634,-0.014523508907461999,0.01358341460389467,0.9500895940590791,0.9717857987230495,1.0,-0.23075904665940536,0.008205840925054476,0.003962966108550499,0.008037702409020195,-0.011937214577774786
resp_trend_per_week,-0.026113016912355333,0.022815635778810153,0.023115397685342546,0.0046481035490341495,-0.033718349838139074,-0.0009862486889966888,-0.009118798863613733,0.002229372607527809,-0.009398247780761636,0.0073194389142737185,-0.000739223592536337,-0.012692831440380423,0.001302131986976408,0.006458028062146991,-0.0015271863229436267,0.003831642996818979,0.004952213893008314,0.01352758672695388,0.004582672074448635,0.004455267448632189,0.014077460608807206,0.004177274356485822,-0.0007672218217819139,-0.019341037435122145,0.003194813660726153,0.011415435627136691,-0.017877518477629983,0.027287074795877837,0.0016924595283888024,-0.022756658473654698,0.0002070665303060797,0.021077330833062787,0.007762648815352656,0.01082141500013233,0.003948414382587158,-0.0006019153609066754,-0.017795829874546924,-0.011944712389780654,-0.0012634893174167836,-0.01221471532247355,0.026113016912354993,0.020279770105580474,0.008063764695712562,-0.008751157439595638,0.022756658473654667,0.02045334093915014,0.025269042137827255,-0.001925309076388537,-0.0029663676695854324,-0.0019494630885112118,0.0009512668846972543,-0.0013235147047105525,-0.0019277451801355415,0.011304896911654977,-0.010394220339180896,-0.011206020167438067,-0.01520864255485859,-0.014716134149519965,-0.014359139786318547,0.012528435731254985,-0.00889294575759177,-1.983393473401844e-05,-0.002534329062168122,-0.012272567155186086,0.002545735401967075,-0.0013222870496714001,-0.003960564049480643,0.014494885213131695,0.01995619589589786,0.02087316208048097,-0.007205589841432858,0.0048229252562582755,0.00524668943496258,-0.23075904665940536,1.0,-0.0012348471855422262,-0.000729023807500625,0.0009072145221402773,-0.0043131439027455365
skin_temp_7d_avg,-0.0017934008671086402,-0.010116484480228885,-0.01168762474528084,-0.009843342795435608,0.005843669631263089,-0.002870240676685636,-0.015444298848924606,0.007564434777767997,-0.0223934382150569,0.0066480665325030774,0.00636809060297953,0.007717273208338801,0.005347560817992847,0.0008180647927570041,0.0010987635940537,0.015271828289803325,-0.008622454860015701,0.001759585478002133,0.003895749330686113,-0.0035171224145676733,0.008237295853459564,0.0038703759417682733,0.9925932654007863,0.0021660849068521,-0.0109467049590954,-0.0045724349184017845,0.01381921586784554,0.0028520909468057036,-0.007950072208355011,0.0025492592398238833,0.0016367094028961143,-0.002663372653283625,0.0024501314265814515,0.0006958794245193506,-0.0002663592327979253,-0.002683544771520999,0.01057299912629138,0.011756455773320823,0.002143032158615958,-0.0011149627246303296,0.0017934008671086294,-0.00014144664502447062,-0.007475873318727215,-0.016014734394445635,-0.002549259239823877,0.004464762418832815,-0.00718888988835381,0.0005570545767414558,-0.0012330475328432538,0.0005867896763337523,0.0050949548462481745,0.0015518535236933842,-0.00023879445078556243,0.00942240814058,-0.002044834018675015,0.005251616412776778,0.01190245136494804,0.00935293617775621,0.009674896638098217,0.0010421590066805146,-0.0016242543227726236,-0.0047509456632634705,0.009466240227377843,0.01105631599177883,0.000836353574183974,0.002082386388771478,0.000739319632964402,0.007144051359905746,-0.003480332358375273,-0.003045665016992018,-0.002811410800965494,0.0027551072451038033,0.008112057406525123,0.008205840925054476,-0.0012348471855422262,1.0,0.97303096114415,0.9075971569108446,-0.019495280253856117
skin_temp_30d_avg,-0.005456163523673172,-0.010166427973157055,-0.011845726041485862,-0.012501196828086491,0.0023029045807416455,-0.0050723294811459135,-0.01293616012630528,0.004881091438955939,-0.022872003423776942,0.00893172059782318,0.005687153482563733,0.007364250371262853,0.008787258609600649,0.0008920968207007248,-8.03189576278684e-05,0.009493412996942563,-0.004923479764837311,0.0024142434886773962,0.004580944342993481,-0.003893413474446942,0.009353273710885747,-0.0006382773780348379,0.9800839330616713,0.00034987182498775994,-0.010964103189975656,-0.002821508123137758,0.01644632157551193,0.005466780480576165,-0.007460321717169459,0.00017005382196950142,0.0022332650349993397,-0.0015273557664395164,0.0033187277526735013,0.0023115117858331694,-0.0006988970248083095,-0.0029885297217468933,0.012423073193958897,0.012984082031083028,0.003062219901973857,-0.0038338895346518346,0.005456163523673173,0.002684944251409012,-0.0064567585797903285,-0.01838162078783378,-0.00017005382196950925,0.007456506506698303,-0.003444802834464848,0.00083170943934866,-0.0005141230684149765,0.0008555776273929774,0.004211336537032259,0.0015766005948712363,8.181636226549936e-06,0.008480122055016612,0.0003048459955364499,0.0035544293715960057,0.011031516591163214,0.008728839453132967,0.009003609451480503,0.003339188483260462,-0.004871133260476329,-0.004941443655289052,0.008983380631271954,0.01196185955892262,0.0017576810260650842,0.0028059627769027326,0.0008980120096819148,0.010165177724361773,-0.0021935740201249067,-0.002368360394651469,0.0012968325018954028,-0.0019167352343897436,0.003870878900387687,0.003962966108550499,-0.000729023807500625,0.97303096114415,1.0,0.9304819102408776,-0.01383687971032018
skin_temp_90d_ago,-0.002802057495074451,-0.013774002378084509,-0.015293496062724947,-0.012058767153648042,0.007738219899710455,-0.0056257708373055465,-0.00585584553175366,0.0028773120899647634,-0.0192802876871027,0.008672101172455976,0.008709955451735304,0.008965590236026943,0.00791020002201042,0.00015555372955328056,0.0028060989769835543,0.007151768121482135,-0.00429682087672141,0.007984291704244717,0.0026363488477630444,-0.004298210397730458,0.012118386632255621,0.004035974503337654,0.9135968852615809,-0.004558758169114502,-0.005844046396790804,0.002251563483765332,0.016922425363307524,0.007469173528114199,-0.005840322720990716,-0.002406872064761314,0.0028822598145385246,-0.002014175259032586,0.0022022564975967256,0.0009032500719494894,-0.0016875899376180541,-0.0047948944728370265,0.014243591263112138,0.01617476073700178,0.004257237718093044,-0.0013324844408122121,0.002802057495074457,0.0012572996161305916,-0.0012465748253823099,-0.014798967486651098,0.0024068720647613157,0.003964023594411221,-0.0071338887807841376,0.0022576679043896683,0.0009806946272365123,0.0022989771201947346,0.005325225492512802,0.002950988109109928,0.0011741809868029071,0.0056802548069119115,0.0018835199826202336,0.0002887026453292267,0.004497379123851152,8.668934710953486e-05,0.00037498394537129217,0.00046146827592409746,0.0018843083288158909,-0.007033954051706841,0.010428093514839126,0.015721552168043305,-0.0005421043151683905,0.004464209580635538,0.002756973328806961,0.00892936010429135,-0.0025757812915834268,-0.0029125016864349927,0.0024253408952783395,0.002709994287907933,0.008467940857886193,0.008037702409020195,0.0009072145221402773,0.9075971569108446,0.9304819102408776,1.0,-0.3791773432980687
skin_temp_trend_per_week,-0.00613611111985475,0.011915155898969607,0.011830240864417337,0.0013335646396060786,-0.01531292878148185,0.002530360225393037,-0.016688862187029464,0.004484884798749009,-0.005150801662652028,-0.0011196813677758306,-0.009427132406659796,-0.005861258443661047,0.0006053715191095863,0.0018446586127232655,-0.007828531803522432,0.004480730380546024,-0.0007037623173620104,-0.01569547168392674,0.0043644298933160925,0.001913767059488243,-0.00944171878255258,-0.012637494508281834,-0.01805992621896227,0.013308395865949613,-0.011746919898624144,-0.013277405091220017,-0.004640636643441028,-0.006604685032607297,-0.0028890139068917047,0.007011495507987491,-0.002228742978897401,0.0016419806724052625,0.0023615769070889445,0.0033691160647022246,0.002851495992524299,0.005550624532049918,-0.007488627432980412,-0.011346181751724601,-0.0038885851158385427,-0.0060562500983978905,0.006136111119854683,0.0033568876364930933,-0.01291130298918037,-0.0060379183342195355,-0.007011495507987493,0.00800703603200674,0.01077160440327103,-0.0040556182953675884,-0.003971712681697319,-0.004108108091165598,-0.0038867072897917324,-0.004065339481725598,-0.003176192402978173,0.0059260404388668236,-0.00437823453595063,0.008207621549394367,0.015579986231194023,0.02180348508157249,0.021710767137775002,0.0071717765421830315,-0.017451244792702304,0.006728576799675074,-0.005770327907044739,-0.012684546511564638,0.00589662871977508,-0.00509887909541709,-0.005255248831539682,0.00128716310985295,0.0014932191281297603,0.0019726430408521286,-0.003357009097088315,-0.012249550435753194,-0.013343302648755285,-0.011937214577774786,-0.0043131439027455365,-0.019495280253856117,-0.01383687971032018,-0.3791773432980687,1.0
