,age_years,sex_phys,height_cm,weight_kg,body_fat_pct,waist_circ_cm,smoking_status,alcohol_units_per_week,caffeine_mg_per_day,perceived_stress_score,diet_type,daily_water_intake_l,processed_food_frequency,workout_days_per_week,weekly_workout_minutes,cardio_sessions_per_week,strength_sessions_per_week,sedentary_hours_per_day,resting_hr_bpm,hrv_rmssd_ms,spo2_pct,respiratory_rate_brpm,skin_temp_c,ecg_rhythm,bp_systolic_mmHg,bp_diastolic_mmHg,sleep_duration_h,deep_sleep_pct,rem_sleep_pct,light_sleep_pct,steps_per_day,vo2max_ml_kg_min,rhr_7d_avg,rhr_30d_avg,hrv_7d_avg,hrv_30d_avg,sleep_7d_avg,sleep_30d_avg,steps_7d_avg,bmi,max_hr_bpm,hr_reserve_bpm,map_mmHg,pulse_pressure_mmHg,restorative_sleep_pct,avg_hr_bpm,exercise_hr_bpm,active_minutes_per_day,zone_low_min_per_week,zone_moderate_min_per_week,zone_high_min_per_week,training_load_7d_avg,training_load_30d_avg,breathing_disturbances_per_hr,sleep_consistency_score,awakenings_per_night,irregular_rhythm_alert,irregular_rhythm_events_7d,irregular_rhythm_events_30d,rhr_90d_ago,rhr_trend_per_week,hrv_90d_ago,hrv_trend_per_week,sleep_90d_ago,sleep_trend_per_week,steps_30d_avg,steps_90d_ago,steps_trend_per_week,vo2max_30d_avg,vo2max_90d_ago,vo2max_trend_per_week,resp_7d_avg,resp_30d_avg,resp_90d_ago,resp_trend_per_week,skin_temp_7d_avg,skin_temp_30d_avg,skin_temp_90d_ago,skin_temp_trend_per_week
age_years,1.0,-0.006554354135365167,0.011481298561951812,-0.01141662605043515,0.44045232346163027,0.059113808366805944,0.0023679890634963757,-0.014506693675360663,-0.004592684943819174,0.027575850459289435,0.01819528300461941,0.006465119071564488,-0.0013650693870500257,-0.018421589169975827,-0.01962585608032472,-0.010839811473039754,-0.014860370116303019,-0.0022440761231218753,0.12134147086803021,-0.6218922859794782,-0.1366579937238503,0.01584811267003292,-0.002298234802980806,-0.0482069018210647,0.36301304099386417,0.15487489143109445,-0.010586543673460926,-0.35849267204417545,0.0061499404306719465,0.28165552309783043,-0.017920389485537345,-0.6820581705374267,0.1219107597482709,0.11473243111029763,-0.6111398271657903,-0.5947087153307283,-0.011375446735009271,-0.0050614098481191515,-0.01861536520858935,-0.015158695142165909,-1.0,-0.9121470181533871,0.24982737775740144,0.5262570104819136,-0.28165552309783043,-0.5483809342499771,-0.9008085079480672,-0.020252347904983238,-0.018968698980782944,-0.020252347904983238,-0.02153352412881274,-0.020697428039327656,-0.021745854559561843,0.21771071041275983,0.003221112520507136,0.03244659767757873,0.1627117460774769,0.16202928540109432,0.16205281059764087,0.11018229931476659,0.0008838644575358013,-0.5781351007334791,-0.012055228234151082,-0.004687207672399175,-0.0056511797777346415,-0.0179035311838306,-0.017882332791101622,0.0039870878635102905,-0.6800104178025188,-0.6717525556221171,-0.016515902633935414,0.017028953495526005,0.0140565204860708,0.020271151734176145,-0.026547433477973267,-0.0006353247805716317,-0.005809074556169814,-0.0044253902887079095,-0.004103955630498227
sex_phys,-0.006554354135365167,1.0,0.7350540978862969,0.5771738553311784,-0.5538673901981798,0.5737298189387803,-0.010417302104721643,0.007865086406601399,0.005963084133077773,0.00822464418455775,0.005368427152562997,0.00689156131723058,0.001317202868367031,0.0011136677807684603,0.0012573475235548258,0.011505039866123088,-0.004972797008771003,-0.008094728866116186,-0.06737963613352925,0.058549277911737085,0.006770285774283443,0.029361979748539685,-0.008238865124440914,0.008529812215815346,0.11128395287074504,0.0838212050146079,-0.006046338260372604,0.002438831950851461,-0.021484489334292874,0.012179846047515342,0.006898923915007801,0.4326959296695286,-0.05975316462653621,-0.05942102168395798,0.055527120098832275,0.05802193595650527,-0.008904878947449889,-0.00914587479935166,0.010058147624250014,0.1410800149820962,0.006554354135365167,0.03296677465889084,0.09772734342630555,0.10979763160054853,-0.012179846047515342,-0.07579970411294493,0.008916605187881194,0.004929326375384858,0.004105914462824601,0.004929326375384858,0.005680430275312897,0.005242072234789348,0.004364726979584857,0.1892755689345487,0.006293304965890247,0.04882242251761593,-0.011229623004722,-0.010790877336972333,-0.010850699897316782,-0.05312869715900635,-0.02593882050926533,0.05786011338041473,-0.007702417012090489,-0.005823284184765787,-0.014349955730575167,0.00962046932708551,0.011896923209311556,-0.015228289375763279,0.4318473130959224,0.4272391411143721,0.014047095735333952,0.026974920260294077,0.02787964475265352,0.021641775027494776,0.021194350495811986,-0.008190256592933546,-0.008044301781562605,-0.010795905010673703,0.008502774348187064
height_cm,0.011481298561951812,0.7350540978862969,1.0,0.4358251491629551,-0.5656932772996949,0.21308255801371453,-0.004004783175234012,0.007040338012658304,0.0034223107224733117,-0.002482049266459853,-0.00654750393740197,0.0138664521181563,0.0006896842763692751,0.0010525491885462958,0.0007579010892275642,0.007402086596193224,-0.0005021811106088586,-0.0016721872972772767,-0.08627123099087089,0.036401793870098606,-0.0024681250067349675,0.0008251368785064812,-0.011574195813697346,0.006976447927115953,0.03765345052567523,0.013162634284442077,-4.934500655882575e-05,-0.0060844697521033695,-0.019115853667447554,0.015797713536994162,0.007135448073050601,0.3194770602780978,-0.08023907842983823,-0.07701636364864531,0.03116655103299898,0.032021519237675856,-0.0033335608438266346,-0.006770820491789783,0.009521592845106642,-0.18008167147998355,-0.011481298561951812,0.02499256103622964,0.02440619843373101,0.05584845440690685,-0.015797713536994162,-0.10410982484678157,-0.0071530900314318874,0.005382636123268003,0.005447565576245688,0.005382636123268003,0.004521100783130374,0.005283774762268032,0.00561633011760314,0.06724013532812212,0.011789371968388807,0.02141760552869549,-0.007562610853456725,-0.006763309373014148,-0.006759726819750129,-0.07187026999492684,-0.015757195309132256,0.03329325976105443,-0.01191205511856252,-0.003028836038152629,-0.013686298391556334,0.010866047166642563,0.012536330184901029,-0.010770531326505364,0.31910091720746153,0.3144892236967426,0.017496176124818342,0.00011999740312431146,-0.00034671845617160915,-0.006202591686523961,0.021808654270962756,-0.010985649412362072,-0.010575604179056262,-0.013121393480952093,0.008901027821463623
weight_kg,-0.01141662605043515,0.5771738553311784,0.4358251491629551,1.0,0.07503992318129236,0.8803936237243273,0.00360101208020322,0.010372730686278258,0.010624553899199826,0.002146231081061947,-0.001437848193241098,0.0033855496433829358,-0.05547477202758427,0.01173644089517832,0.009895460857513303,0.013725057432822905,0.0056783979289960086,0.0031549374937428726,0.03967303728951528,0.034081598302137694,-0.001016847725721661,0.054563493935700966,-0.00793013546342041,0.0005923914301977001,0.16208315224674666,0.15349517860189618,-0.003117748992901266,0.020406995663450972,-0.001538426472080124,-0.014779449083800454,0.004272277177467417,0.23908572329086217,0.041128371478402925,0.04363260156937022,0.03264734684059252,0.03248212410356004,-0.003916883850090533,-0.004521811043735745,0.006408219401945263,0.785952184116931,0.01141662605043515,-0.006312858018820661,0.160520347852921,0.1216640452339666,0.014779449083800454,0.04277518077464357,0.019092790728516232,0.004794349010266534,0.003978071237004703,0.004794349010266534,0.0047992045570240454,0.004858323529683014,0.0053357263949279045,0.27587051480574826,0.016511507810795408,0.045356443887927846,-0.007763373019459331,-0.0077760528325245635,-0.007774005389006421,0.045737621840210047,-0.016008971882719266,0.032811939237368346,-0.011106330505004387,0.00047673007827388436,-0.01991988760950194,0.0070781150684448135,0.009171563448694341,-0.014061485496708076,0.23879956343535627,0.2339792031881961,0.02457529944374283,0.05225949876549677,0.052350265256226436,0.04953494508871218,0.006663493443918854,-0.006927927837105028,-0.009669050121588389,-0.009053647972640987,-0.002461219435414072
body_fat_pct,0.44045232346163027,-0.5538673901981798,-0.5656932772996949,0.07503992318129236,1.0,0.12910661444779295,0.010540299913566753,-0.00652187061053409,-0.005929014521067797,0.008095303265873167,0.008546094846636716,-0.005884267300571617,-0.03758225768594802,-0.23028712854568922,-0.24326980359132602,-0.10923698695925861,-0.19967907936820278,0.0699356969804392,0.18179205555415656,-0.32078238614327786,-0.06539070958024253,0.029734306385029087,0.008604227429135722,-0.025991651756777617,0.18895684133394877,0.11452469880134016,0.002588391017361119,-0.14771232569431578,0.02757758713601029,0.10118467065419162,-0.2313347856063115,-0.6619009446924771,0.17497434824717328,0.17092441769432515,-0.3125793047488956,-0.30508251948874904,0.0022763688377629102,0.006065023297366608,-0.23144654181537522,0.4701128983979816,-0.44045232346163027,-0.4549012336331629,0.14977279277063812,0.22965779311979456,-0.10118467065419162,-0.10231468328294355,-0.39585254955931354,-0.24498945783725773,-0.240433061509799,-0.24498945783725773,-0.24530105072988367,-0.24597395703086009,-0.24278115473330544,0.1263961105468051,0.013556315113766405,0.0020735743976515756,0.07938733189795583,0.07846111423746185,0.0784840579027567,0.16256628949490542,0.017344145630561376,-0.29821982529273333,0.0010864352747749326,0.006709183183399292,-0.0038848147661541474,-0.22908800169915416,-0.22677375678685127,0.0075677101802894544,-0.6604570853074673,-0.6537033033646393,-0.011555805872038475,0.03053084184307546,0.027934949790071436,0.03565869077834793,-0.03160931294391673,0.009809385754720118,0.004335463386087602,0.008114655528513181,-0.014715978722065846
waist_circ_cm,0.059113808366805944,0.5737298189387803,0.21308255801371453,0.8803936237243273,0.12910661444779295,1.0,-0.001981516392199062,0.010972506867878049,0.004100493675370296,0.008311479658595642,0.00558925041239241,0.0032993737410941994,-0.04480221210679089,0.0028308619263602923,0.0014161822321936792,0.012131541519003334,-0.0034618133933785322,0.0004893430917893522,0.06028631326662074,-0.013662504151302948,-0.01074961007913816,0.06368475129824094,0.0013064197196816511,-0.0020378381198199323,0.19987943139315914,0.17540745887482137,-0.00032051187310884455,-0.008677728713120256,-0.00277992345851164,0.010376922421835496,-0.002574662385017034,0.18082856305159692,0.06249127387204174,0.06248386605183321,-0.012448414572789513,-0.009925350409799798,-0.0018238091034085194,0.00043281768471054645,-0.0005673384745357858,0.8271251503541165,-0.059113808366805944,-0.07471506494793573,0.1899106682724905,0.167788433456305,-0.010376922421835496,0.01599955965089997,-0.04477028180458168,-0.0027600300395064494,-0.0043059166439879445,-0.0027600300395064494,-0.001597516104753188,-0.0022487382781322366,-0.002638609576504636,0.30689859591118973,0.02091802271610343,0.055284437016481267,0.01118813195146064,0.010713295232794821,0.010676829538699828,0.06441123594552078,-0.01801376258254023,-0.008979978472757435,-0.009080187605550637,0.0031017187679278128,-0.013636303874171762,-6.957614554669636e-05,0.0013024307277539763,-0.009358974769452421,0.18060016700014808,0.17784570896299562,0.014441788587792114,0.06118513240728019,0.06033405236200995,0.05832835780428218,0.0018151835458625662,0.0012851548067747028,-0.0012423999344402569,-0.0018919938491570307,-0.0015756663197107035
smoking_status,0.0023679890634963757,-0.010417302104721643,-0.004004783175234012,0.00360101208020322,0.010540299913566753,-0.001981516392199062,1.0,0.0033632380892392733,-0.00018041698207522187,-0.001185749630293911,-0.0010605752681735706,0.009134847795854432,-0.015153286490961409,0.00809663466159118,0.0047397402452881545,0.0007755565700096698,0.012819581921387324,-0.013180965910226992,-0.0714577080323818,0.058498729868334626,0.09392036191982239,-0.051154577691821516,-0.018341565232137917,0.0013619289092941253,-0.001818703220571609,-0.0059465386840911825,0.0054410412136451525,-0.0024884522493326283,-0.00193944808023096,0.00135171065189061,0.005589303483856885,0.08161657317075328,-0.07253795050145158,-0.06973703490345536,0.05873864983022556,0.05849954488491525,0.0034432941636188476,0.001857389611511661,0.00501864399771334,0.0029141215628985355,-0.0023679890634963757,0.02695087573939921,-0.004362169081223681,0.002215572227666403,-0.00135171065189061,-0.0947937107309869,-0.003601537297114233,0.0055883850679016075,0.004971849698626616,0.0055883850679016075,0.006479033005007285,0.0059737957976053815,0.0072598603756720455,-0.06305423763412947,0.008323859701221297,-0.014832884149206721,0.004998775352564016,0.004772751653722343,0.004724493831465776,-0.07018381747096439,0.012849893771127633,0.060877450791993915,-0.012562781840556975,0.0011932850904405952,6.475962374837911e-05,0.005345683599478744,0.0038729228614413163,0.005668217830480832,0.08031581129376719,0.08100610513544616,-0.00949276206176882,-0.049251661750663964,-0.05009513162948581,-0.04440641890929671,-0.007663907194344013,-0.01728349217916009,-0.015318484395110436,-0.009984240829070757,-0.014980068607626114
alcohol_units_per_week,-0.014506693675360663,0.007865086406601399,0.007040338012658304,0.010372730686278258,-0.00652187061053409,0.010972506867878049,0.0033632380892392733,1.0,0.007306941649058597,0.013986983688096578,0.008153464173382712,-0.0028383574170648142,0.013926581759335806,-0.01574606382446362,-0.016233140420967438,-0.011515059750341804,-0.014608402620616733,0.0016053934403229737,0.007078086148664742,-0.0032506087293760477,-0.0012842933729479051,-0.00934669385668255,0.009041954301068219,-0.004579968798240801,0.010747404015941183,0.01954877404455576,-0.032744505499841425,-0.00318846121039348,-0.021442218144360176,0.014557297686764678,-0.020152952820104715,0.0008329060389647253,0.005748461950566813,0.0021558768543303306,-0.0074332507017180515,-0.008618849318992454,-0.027697655314162233,-0.030222650407103306,-0.021926316792465345,0.00793068541785672,0.014506693675360663,0.008948438930117389,0.016444836802134623,-0.005704907664608028,-0.014557297686764678,0.019212208168715928,0.012452303512815826,-0.0194666273701091,-0.01931347105651081,-0.0194666273701091,-0.017915830960145186,-0.019253257478061295,-0.020664910702615634,-0.012450869827517076,0.007213392804131801,0.01710216640305551,-0.005861329704259595,-0.005417211617860802,-0.005430974144153657,0.0026837594969645966,0.004940802801633224,-0.01183096984958656,0.003959358634871977,-0.025120869768709246,-0.013799501483907668,-0.02294373801343921,-0.021218961273802527,-0.009376177618190132,0.000994259058448569,-0.000714077794675345,0.005433900411967098,-0.0096939143753543,-0.006027387821698463,-0.0063740320946379615,0.0034431912761666737,0.009044678904585456,0.0062989311687926845,0.004179606183275188,0.001999900459769724
caffeine_mg_per_day,-0.004592684943819174,0.005963084133077773,0.0034223107224733117,0.010624553899199826,-0.005929014521067797,0.004100493675370296,-0.00018041698207522187,0.007306941649058597,1.0,-0.015817679975540004,0.006583558401957731,0.003663712054461642,-0.0002944341405597591,-0.007588179423885113,-0.005922653725428285,-0.02118203124599016,0.0014726781386227628,-0.0051638356079875955,-0.0006985100209972555,0.008456828407158326,-0.0027548374973366415,0.0031198613151587236,-0.022753572822174696,-0.0009389083547833014,0.002312535295385796,0.0052578706495648156,-0.24619253657848447,0.012053202042295945,-0.014131808292018813,0.0006910299693201698,-0.008885049334752928,-0.0017233299205248508,-0.004465816929164859,-0.005028271189872746,0.008976465102238963,0.008109089134882232,-0.23620541402937142,-0.23007647307390777,-0.006559565154478199,0.005180266425509587,0.004592684943819174,0.002423650582640821,0.0042830352750208535,-0.0028202341935446517,-0.0006910299693201698,-0.000249516965445693,-0.00012939104957001107,-0.0068047286479726455,-0.006353928907380678,-0.0068047286479726455,-0.0053928873263333395,-0.006487507204744051,-0.009222968371916712,0.003057418042179304,0.008760871852852686,0.0051067332837047815,-0.0002708020029856961,-0.0003630192699710068,-0.00042273524175723173,-0.00237888869372012,-0.016074489073239565,0.0050072329320048625,0.01372910589038221,-0.2197631842149277,0.005789064527346422,-0.008250404460223923,-0.009923877747340232,0.009642007350323134,-0.000921310391377009,-0.0006558488738915993,0.0033660035164491207,0.003826767084877906,0.00030113515384268133,0.0003011027030206235,-0.006734835923968595,-0.021683261044625517,-0.02204652987035384,-0.020251387834890545,-0.003498326851669019
perceived_stress_score,0.027575850459289435,0.00822464418455775,-0.002482049266459853,0.002146231081061947,0.008095303265873167,0.008311479658595642,-0.001185749630293911,0.013986983688096578,-0.015817679975540004,1.0,0.013338981139262036,-0.019397020902860454,-0.011143506785216693,0.0032917752357083815,0.007064152660669555,-0.005668754474245443,0.00849220114427172,0.002800257943905319,0.0016885278941457865,-0.47943882975793495,9.481035431263329e-07,0.010182987782460764,0.00819312021874493,-0.005664626167138336,0.014202208651097614,0.005365470621935154,-0.1442901922971912,-0.011422511400558619,-0.0009564989374192683,0.005234507002923282,0.0034332701629620297,-0.009843910588958253,0.0024156797578883376,-0.00015709601268416005,-0.4714452068875334,-0.45649910246550174,-0.13652801442601845,-0.12838650585402003,0.003971884549522785,0.0034249260679069266,-0.027575850459289435,-0.023552598504219324,0.009349065989029926,0.022419136361019068,-0.005234507002923282,-0.017128234090819917,-0.020510902249957712,0.0012906397739657722,0.0006759922735495924,0.0012906397739657722,0.002209234781751328,0.00170937105654218,0.0048034489970188955,0.010133998110743066,-0.003136971456261915,-0.0030562491900709547,0.009283268339428096,0.009295227469306475,0.009387427707934926,-0.0021250672368495847,0.012863257847468853,-0.4436551144626563,-0.009083110581904509,-0.12246446867685885,-0.007861681870469229,0.003452986747836677,0.0022554944718593045,-0.0010678323072267817,-0.00945541023120307,-0.008956803947010967,0.0021267276031484974,0.010023020756108688,0.012547355815059603,0.009612316927689317,0.010342177855354528,0.007058793827392019,0.009916695600826175,0.00912913276822963,-0.0019196612990829579
diet_type,0.01819528300461941,0.005368427152562997,-0.00654750393740197,-0.001437848193241098,0.008546094846636716,0.00558925041239241,-0.0010605752681735706,0.008153464173382712,0.006583558401957731,0.013338981139262036,1.0,-0.019232215744797096,0.010631826283938132,-0.008230609515794414,-0.007348690487930018,-0.006215216364745279,-0.007520642469527202,-0.01309126362460867,0.007790184433726861,-0.02698042773840696,-0.013548392952698033,0.011778825323225007,0.002855851758490786,-0.02105612926919742,0.016982889260906558,0.021554446160309142,-0.010604891950332587,0.010970173479468284,-0.0002670960204684906,-0.00727863838108377,0.0019811391195739174,-0.02097625002359109,0.01032651185655901,0.010815315916644247,-0.026033168653288707,-0.023958477101735244,-0.009463735525025914,-0.007543666959263082,0.002834611118879558,0.003027285290776735,-0.01819528300461941,-0.021110498178809632,0.02008599704032569,0.007117962814236798,0.00727863838108377,-0.005928938879454927,-0.014236416288164001,-0.002203014958581818,-0.0017147087881454752,-0.002203014958581818,-0.0035437636101546374,-0.00243495174606108,-0.0008788119738953574,0.01124581863082403,-0.00442737778650303,-0.012480187992028458,0.013532250935081048,0.013130738347497253,0.013037811194770401,0.010342861526709565,-0.008042223966248471,-0.022676809990090238,-0.0015380996008098858,-0.003782535094927621,-0.008746461008592025,0.0006064832457415886,-0.0011158561285836326,0.011596361516838488,-0.02130619561076962,-0.02223326110869873,0.0119097150823357,0.012675103911528133,0.012357324119859384,0.012115646518440165,-0.00013637821508975041,0.004803375235013939,0.004486731295452754,0.010539502170177364,-0.012992092508674403
daily_water_intake_l,0.006465119071564488,0.00689156131723058,0.0138664521181563,0.0033855496433829358,-0.005884267300571617,0.0032993737410941994,0.009134847795854432,-0.0028383574170648142,0.003663712054461642,-0.019397020902860454,-0.019232215744797096,1.0,0.006739176298798809,0.0004399218271785764,0.006674984797831887,-0.010124655871520984,0.009125775552549717,0.004937391815358167,-0.011579667877546043,0.0013643981801874665,-0.008840415128202937,-0.00951529414558286,0.009890144980115199,0.013487882141970798,-0.01711961743502523,-0.019856631243006802,0.00469047712168629,0.00869100348058141,0.0001848470324210084,-0.004415024223496052,-0.010196763339620387,-0.0011096080217256597,-0.011420168168947314,-0.009751362106110254,0.00400383748347663,0.005335618885073467,0.0016298183553676712,0.006503061699480844,-0.01072602768993701,-0.007137022430959294,-0.006465119071564488,-0.00016760735547214622,-0.019504073462251956,-0.010629491339615348,0.004415024223496052,-0.010708147206977396,-0.01191999192144352,-0.008120511741366226,-0.008395870191919227,-0.008120511741366226,-0.007537766635394087,-0.007866863730335185,-0.0049219669737424815,0.0007791121979654899,0.01023287280508612,-0.0035240639953327086,-0.00413324982812575,-0.004091767618942957,-0.004107631660264555,-0.012105969136728232,0.005891115619374705,0.00826445189124787,-0.00102572065676726,0.0003834125978085128,0.021113772773326996,-0.008739444180368951,-0.004761265921588678,-0.018173100227324632,-0.001645559982834318,-0.0015665160388616526,-0.002453748617421181,-0.008956755221869336,-0.00918238979078582,-0.004973936313939846,-0.0121945343013833,0.010664478368676655,0.00978423571318793,0.012316455640927051,-0.01057892755095395
processed_food_frequency,-0.0013650693870500257,0.001317202868367031,0.0006896842763692751,-0.05547477202758427,-0.03758225768594802,-0.04480221210679089,-0.015153286490961409,0.013926581759335806,-0.0002944341405597591,-0.011143506785216693,0.010631826283938132,0.006739176298798809,1.0,-0.007089693644472452,-0.0023929636893626964,-0.012884184328437827,-0.0003478565469452628,0.027136837607844397,0.0026700955402355177,0.0018928860695314126,0.00379332145005214,-0.002736586844663786,0.004426748859773362,0.01114434237491064,0.006800852103056895,0.004183924883012903,-0.0074215953243329,-0.007141655650654805,-0.006709742865976538,0.008074689050411837,-0.012835401457329186,-0.006283880523303053,0.004242853824601184,0.0018912900341614331,-0.0011850992929341646,-0.002323720812410642,-0.010073432650111028,-0.012707856246244969,-0.012793669075763878,-0.06265730644163657,0.0013650693870500257,0.0006264836758007152,0.005956630200812982,0.003442307406774749,-0.008074689050411837,0.0034977272119055755,0.0031726749229698285,-0.011335299400992222,-0.011438353995468714,-0.011335299400992222,-0.010892380475194967,-0.011310812036781462,-0.010653670943616649,-0.008003765450686767,-0.006037214143933939,0.006434814901393654,0.017002053119803,0.01707557354275411,0.017175425462322754,0.0009258921884605381,0.002611300459911241,-0.004184760745375393,0.011834149434162021,-0.0158009557055334,-0.0001857637207169503,-0.013425221406509655,-0.012977931084779971,-0.00024585407197476056,-0.005893801485790636,-0.00735401375921806,0.0056227848723933984,0.002124180298082125,-0.001645752925299717,-0.0030769936823561183,0.0017367357908773576,0.0037764958506396845,0.0074252718507966595,0.007269964458496292,0.00024080011014415928
workout_days_per_week,-0.018421589169975827,0.0011136677807684603,0.0010525491885462958,0.01173644089517832,-0.23028712854568922,0.0028308619263602923,0.00809663466159118,-0.01574606382446362,-0.007588179423885113,0.0032917752357083815,-0.008230609515794414,0.0004399218271785764,-0.007089693644472452,1.0,0.8881502849009131,0.4899097426692627,0.853599669745528,-0.2473732511665821,-0.08207142338834271,0.06416344205849807,0.008556896803124778,-0.0060423226231205805,-0.001030380248323105,0.0010931479722096336,-0.014472139116933657,-0.0001828969222926961,0.007014333784064631,0.012451829184922467,-0.0041005060126978864,-0.008808454448120753,0.8185104697615568,0.3948913316234055,-0.07829616541598482,-0.08058307176333163,0.05972965408661278,0.05621663602755819,0.0036886015776574767,0.0017571754956850884,0.8132413896376276,0.01451663630184403,0.018421589169975827,0.052044303036213296,-0.006440296178632277,-0.027098915406616346,0.008808454448120753,-0.08455287176298004,0.01367522192696308,0.8703599943443383,0.8389891414660237,0.8703599943443383,0.8907564663361288,0.8807293660082881,0.8705314155552185,-0.005978329600325591,-0.004761427712803759,-0.008589567574452629,-0.00133013668688933,-0.0011686899430200695,-0.0011245015003893734,-0.07478198708213864,-0.017661263680411547,0.05897505707907079,-0.010955624279785015,0.0021220660130248183,-0.00036249222727775435,0.8065192126753357,0.7937071146968471,0.0001486195486039057,0.39468036432096154,0.39192152515706674,0.009713576331319826,-0.003572733083733051,-0.0036562040228804364,-0.004903132732718081,0.004834017869283423,-0.0027107202411252676,-0.0016471739978153146,-0.0008908169939503482,0.0022366503387034973
weekly_workout_minutes,-0.01962585608032472,0.0012573475235548258,0.0007579010892275642,0.009895460857513303,-0.24326980359132602,0.0014161822321936792,0.0047397402452881545,-0.016233140420967438,-0.005922653725428285,0.007064152660669555,-0.007348690487930018,0.006674984797831887,-0.0023929636893626964,0.8881502849009131,1.0,0.4659698818208927,0.7554827977185632,-0.2234641920716163,-0.07989157255751568,0.0620975798180064,0.015796209786734263,5.496840414675403e-05,-0.0021670734924482014,0.0023144024455382588,-0.013780546704796944,-0.00228962877054944,0.01468753274307379,0.013647044446564017,-0.004363850108252461,-0.009799745792641288,0.7292958167532426,0.39999971469644235,-0.07779310823376172,-0.07887834829162592,0.05730876950202894,0.05171253460207978,0.014813519371797203,0.01257989585303002,0.7249745260047408,0.011680290613017457,0.01962585608032472,0.052206187456998634,-0.007372735449864796,-0.02304542449190856,0.009799745792641288,-0.07886325255700086,0.017755510591631198,0.8230343059494003,0.7901292803062663,0.8230343059494003,0.8444683951111716,0.8340651100661837,0.8239530765206424,-0.011803249479329762,-0.007037457425521968,-0.00840756990199445,0.006801638768739694,0.0069708385915850535,0.007021210818587268,-0.0737356309878226,-0.014297629790266936,0.054138539465053044,-0.009448075332905231,0.013961959581763182,-0.005855073465155042,0.7180668226911534,0.7055647688619922,0.007604637591676435,0.3996783369180852,0.3968843443496065,0.007949822931585773,0.003677912145350019,0.0029680619447201985,0.0025168620144974028,0.000656118298095975,-0.0027347828903966647,-0.003547909697900186,0.00013153333509910168,-0.0047450748653049685
cardio_sessions_per_week,-0.010839811473039754,0.011505039866123088,0.007402086596193224,0.013725057432822905,-0.10923698695925861,0.012131541519003334,0.0007755565700096698,-0.011515059750341804,-0.02118203124599016,-0.005668754474245443,-0.006215216364745279,-0.010124655871520984,-0.012884184328437827,0.4899097426692627,0.4659698818208927,1.0,0.01884693921489525,-0.12348582746914151,-0.04819965241262711,0.04290601100592191,0.010607001796175082,-0.009407780072343967,0.01290946475910295,0.0053621218884692574,-0.015163165366642844,-0.00718954978807824,0.010203486524417526,0.013610240676625755,0.009544852384063192,-0.016592344380003152,0.3942462115189612,0.1901479632723516,-0.0488158328619815,-0.04918237824653513,0.041244295797697894,0.037909729406375985,0.008004966543720448,0.010071300664412725,0.39148808421928993,0.014043523005331845,0.010839811473039754,0.031077477924353284,-0.010833179310943294,-0.02019162739117576,0.016592344380003152,-0.048593084621817446,0.006223022680573592,0.4193571238866935,0.3776535928200375,0.4193571238866935,0.45102839188776794,0.43517573592513037,0.43183471996781825,0.0009517241985141175,-0.006791351424492299,-0.01599721098941464,0.003729568421258642,0.0033862077585533413,0.0033794718631589655,-0.043391620465391384,-0.01621725376946757,0.03979300218392099,-0.004550252258470811,0.011781154526628054,-0.003998549014884212,0.3872069332620181,0.3805860109648749,0.0018954435379549151,0.19079540136746975,0.19056450316871698,-0.000873008244117481,-0.0059245097676801015,-0.007745989335316265,-0.007956632181307533,0.00764306678197993,0.014127326300763092,0.00908852263651382,0.006773124234675351,0.0013004723072878744
strength_sessions_per_week,-0.014860370116303019,-0.004972797008771003,-0.0005021811106088586,0.0056783979289960086,-0.19967907936820278,-0.0034618133933785322,0.012819581921387324,-0.014608402620616733,0.0014726781386227628,0.00849220114427172,-0.007520642469527202,0.009125775552549717,-0.0003478565469452628,0.853599669745528,0.7554827977185632,0.01884693921489525,1.0,-0.20828337640828787,-0.06856571227525128,0.049820167616916974,0.002565280313307416,-0.0071244185588742615,-0.009114135633253199,-0.0014949200767966045,-0.008331994345888105,0.0030639411184592,0.002764456450640178,0.010667764196536523,-0.006668980136866947,-0.007329246307921439,0.7047311481568059,0.3387327455919951,-0.06328556560715354,-0.06499758602671082,0.04524710132778842,0.04164312025134641,-0.0002407455561783225,-0.0015705831766812364,0.7002077120486706,0.007484007130323529,0.014860370116303019,0.04290843290031017,-0.0018313318733801636,-0.019784638385006128,0.007329246307921439,-0.07026804904076732,0.010903898026702444,0.7492314572660841,0.7310432460108923,0.7492314572660841,0.7586482979949932,0.7542674740628567,0.7449730812657865,-0.004479844069768333,-0.002656677598032426,-0.006070511894803648,-0.005489585971621814,-0.005083547341667033,-0.0050229127496794835,-0.0615537491238131,-0.012274088374942734,0.04488488098679654,-0.012719852024825947,-0.0022882038560265096,0.0015403470391276849,0.6949991835137133,0.6840091345662098,0.001752203006110651,0.3379608804755507,0.3350279015537529,0.013113327132409253,-0.0066267558112723625,-0.0054084008222925655,-0.007447004044270796,0.003476628046239742,-0.011696961621047898,-0.007797786021401938,-0.005880343096451031,0.00046477155781198974
sedentary_hours_per_day,-0.0022440761231218753,-0.008094728866116186,-0.0016721872972772767,0.0031549374937428726,0.0699356969804392,0.0004893430917893522,-0.013180965910226992,0.0016053934403229737,-0.0051638356079875955,0.002800257943905319,-0.01309126362460867,0.004937391815358167,0.027136837607844397,-0.2473732511665821,-0.2234641920716163,-0.12348582746914151,-0.20828337640828787,1.0,0.03318303812434362,-0.022325117701255347,-0.0202807399292884,-0.0031779580266378255,-0.005486367315214928,0.00876029831201705,0.003971745438508027,-0.001343706217212975,-0.002499960244837328,0.02317316212321751,-0.005167704452497778,-0.019884271398341348,-0.3069354637718493,-0.11608226447173313,0.030303792641812242,0.02912412003509605,-0.02227256186200356,-0.018678196450747756,-0.0033333473535580344,-0.006679444543532474,-0.30645430880355157,0.000635089418989682,0.0022440761231218753,-0.011354305030396049,0.0008693100488029527,0.007789393202592071,0.019884271398341348,0.04108983191636747,0.005213930389928342,-0.3022789502970009,-0.3027446168176522,-0.3022789502970009,-0.29398679798391036,-0.3004939108603838,-0.29671030075188143,-0.0077690160430083375,0.011429272978289762,-0.019669240212365234,-0.006400438914341267,-0.0063069301287428485,-0.006347211654127794,0.02705214748030883,0.008218489725271422,-0.02001855919269156,0.006330384420602548,-0.007462456924412609,0.00435288775687469,-0.30701812136055423,-0.30182956088173984,-0.012563412328388002,-0.11601162592834457,-0.1129113482073052,-0.014381561321111649,-0.004373712612835801,-0.0038138531531467256,-0.007552323679637175,0.012908864746358021,-0.004155421236218438,-0.005585290688183094,0.001797607197768369,-0.016148285235694098
resting_hr_bpm,0.12134147086803021,-0.06737963613352925,-0.08627123099087089,0.03967303728951528,0.18179205555415656,0.06028631326662074,-0.0714577080323818,0.007078086148664742,-0.0006985100209972555,0.0016885278941457865,0.007790184433726861,-0.011579667877546043,0.0026700955402355177,-0.08207142338834271,-0.07989157255751568,-0.04819965241262711,-0.06856571227525128,0.03318303812434362,1.0,-0.09368617226320043,-0.036974090556716785,0.019579571440490266,0.008846164311854067,0.005666958486270107,0.051066517117183345,0.03278229163610696,-0.013647158474569399,-0.04652772938845974,0.00019339022568415422,0.03706095998086804,-0.08559935761881418,-0.20063186627211574,0.9690603503626282,0.9408995156503747,-0.0930746913051655,-0.09214635354331392,-0.010409255277450702,-0.010966989691265793,-0.08652783458697096,0.10288019790095072,-0.12134147086803021,-0.5019562824345746,0.041335961011520886,0.060436747278389644,-0.03706095998086804,0.7335733191338077,0.08917471485769972,-0.08785216555380888,-0.0865019916541965,-0.08785216555380888,-0.08605549908065567,-0.08783183693746109,-0.0882630192709847,0.06107569835453012,0.0018778670012389899,0.01809373631946441,0.011635399505206588,0.01177606703306799,0.011705807302116844,0.9146465614744556,-0.005766459541035952,-0.08922760991972345,-0.005751320925196694,-0.01506453482133924,0.01729883643742611,-0.08779288793088978,-0.08408302234442476,-0.00872680915920423,-0.20043221925875396,-0.19932232660065885,0.008088082611812776,0.017318235103053917,0.018789425718121353,0.018203104817202387,0.0011714796912268106,0.007219550612194304,0.007379628126325333,0.005075568655188817,0.0022468774196907873
hrv_rmssd_ms,-0.6218922859794782,0.058549277911737085,0.036401793870098606,0.034081598302137694,-0.32078238614327786,-0.013662504151302948,0.058498729868334626,-0.0032506087293760477,0.008456828407158326,-0.47943882975793495,-0.02698042773840696,0.0013643981801874665,0.0018928860695314126,0.06416344205849807,0.0620975798180064,0.04290601100592191,0.049820167616916974,-0.022325117701255347,-0.09368617226320043,1.0,0.11248887523793707,-0.03033897455272882,-0.006598640320123329,0.03431197384420228,-0.213479318170027,-0.0805864858540371,0.05932025813212639,0.22747462737789892,-0.006482193903689364,-0.17378336892901788,0.06332547603776463,0.49965399208016725,-0.09090505094230827,-0.08386407819018533,0.9790206759066727,0.9480203396119219,0.058356502679720514,0.0525648717513412,0.06308040586342595,0.009839639535938739,0.6218922859794782,0.5737139109373184,-0.14066941273689093,-0.32512488727087685,0.17378336892901788,0.3194635233108791,0.5642814458369361,0.06800746932761899,0.06492314891347815,0.06800746932761899,0.07035034791667075,0.06895748357313072,0.06593220332779841,-0.13670588584761095,-0.0038614542347587735,-0.018183782792974633,-0.1043763517591738,-0.10396274746997589,-0.1040370493532108,-0.0804354090719534,-0.005634815347888637,0.9193741145703284,0.022899099115014563,0.04975909330907755,0.012118745102176335,0.06306309919325032,0.06361525485998328,-0.008311708700668692,0.49743484833557977,0.4915737410934858,0.007120336304995993,-0.03117319954391286,-0.031326005559852065,-0.03166641746431186,0.004238969783706181,-0.006447237455405423,-0.0054145876534794374,-0.005763931123797504,0.0010928332752854733
spo2_pct,-0.1366579937238503,0.006770285774283443,-0.0024681250067349675,-0.001016847725721661,-0.06539070958024253,-0.01074961007913816,0.09392036191982239,-0.0012842933729479051,-0.0027548374973366415,9.481035431263329e-07,-0.013548392952698033,-0.008840415128202937,0.00379332145005214,0.008556896803124778,0.015796209786734263,0.010607001796175082,0.002565280313307416,-0.0202807399292884,-0.036974090556716785,0.11248887523793707,1.0,-0.001966768577349063,0.012516236395483667,-0.00045370067104243887,-0.04401905294904983,-0.011801937697934705,0.006182549975586297,0.0409056757111631,-0.007064013267446501,-0.030213329452163772,0.01206262018726753,0.13127410582441168,-0.03665491250461458,-0.03186288676932574,0.11184772382156383,0.10825725713342944,0.003338159011751703,0.0015364190035116723,0.012623460784253315,0.00533320877708458,0.1366579937238503,0.13357924233669508,-0.026029089114105387,-0.0727139520914286,0.030213329452163772,0.049409532567985553,0.1229181710635282,0.015316330348624771,0.014967400692689719,0.015316330348624771,0.015187837247254211,0.015445270079111919,0.015665162534553294,-0.046815702513738275,0.009043645345464884,0.0025449730591623394,-0.03298737049546024,-0.03298876636119645,-0.03310357480497819,-0.029541895006169615,-0.010942035205606911,0.10518218062271636,0.003552281183852479,0.0046730692911669406,-0.012976603909956764,0.014155660020795472,0.015533204476569319,-0.006569541276152997,0.13107625088160724,0.12917773548033093,0.006815757788918773,-0.0015167918175108454,-0.003886325509840768,-0.007914667440620719,0.016706922699743276,0.012440233206835662,0.01353424041534724,0.01534313452991054,-0.0069884480724831
respiratory_rate_brpm,0.01584811267003292,0.029361979748539685,0.0008251368785064812,0.054563493935700966,0.029734306385029087,0.06368475129824094,-0.051154577691821516,-0.00934669385668255,0.0031198613151587236,0.010182987782460764,0.011778825323225007,-0.00951529414558286,-0.002736586844663786,-0.0060423226231205805,5.496840414675403e-05,-0.009407780072343967,-0.0071244185588742615,-0.0031779580266378255,0.019579571440490266,-0.03033897455272882,-0.001966768577349063,1.0,0.0013855468893743473,0.004466853914600122,0.009856678359035767,0.010158181753554384,-0.0006233261633726264,0.0029876175885088117,-0.004019992217855638,0.0014437409234064834,-0.013371568793381278,-0.00280119054409387,0.021161847052570487,0.023511678729141356,-0.030573608241370006,-0.0248644212200214,-0.0012022013415991168,-0.002697295939795941,-0.013023764158837752,0.059492119986304,-0.01584811267003292,-0.02032961814827332,0.010409211179936947,0.006167179354895866,-0.0014437409234064834,0.008941372600435232,-0.014801910663101187,-0.010124820898982888,-0.00768205723225599,-0.010124820898982888,-0.013084032777417782,-0.01118939527519091,-0.011322651764758484,0.04279687173945046,0.02148172857020502,0.008640220962295464,-0.013969251958301527,-0.014208489503230263,-0.014211424666375138,0.02229704740065081,-0.0013705292791086228,-0.02283023134709984,-0.0048387641368996025,-0.002357797566163373,-0.00287456794375023,-0.012682891892435754,-0.013820348092038668,0.005673263825389991,-0.0019835073860532313,-0.0031593702803488204,0.010056390698195423,0.9876905179548197,0.9876778724899498,0.9578934882415224,0.0012709085340972814,0.0027377612372153325,-7.234784554902068e-05,0.003999003720892471,-0.012114096471607577
skin_temp_c,-0.002298234802980806,-0.008238865124440914,-0.011574195813697346,-0.00793013546342041,0.008604227429135722,0.0013064197196816511,-0.018341565232137917,0.009041954301068219,-0.022753572822174696,0.00819312021874493,0.002855851758490786,0.009890144980115199,0.004426748859773362,-0.001030380248323105,-0.0021670734924482014,0.01290946475910295,-0.009114135633253199,-0.005486367315214928,0.008846164311854067,-0.006598640320123329,0.012516236395483667,0.0013855468893743473,1.0,0.0024018356320689984,-0.009047264429805527,-0.002635373126586776,0.011124011587013538,0.004168518461143262,-0.007871526913726857,0.0017193841153169199,0.0034775177028008755,-0.005177027834995463,0.009075572617188825,0.007723490488722182,-0.003083117417720847,-0.005059675499173542,0.004979993559099721,0.004675669224424477,0.003139779134742893,0.0005558842843986082,0.002298234802980806,-0.0017191676791383959,-0.005823053129863076,-0.015853529490706855,-0.0017193841153169199,0.006934893133350311,-0.007073018482095955,0.0006347194601005872,-0.0008989229156612282,0.0006347194601005872,0.0028114474112154136,0.001444419077596774,0.0001505108972534256,0.008928569060499337,-0.002662639642470319,0.004145848715954966,0.011201734545165553,0.011231153880610238,0.011220610040516919,0.006905097902911765,0.004767512005530503,-0.007295726685343415,0.011724888087183704,0.004716086589273,-0.0023045385801724453,0.0030054403180563866,0.0018654389046048419,0.00033588997089941373,-0.005800889694103094,-0.005094165839524369,-0.005955917285591756,0.000854341593545839,0.005476776788771648,0.005836050705692881,-0.004293209405386353,0.9917032787020972,0.9778500123379089,0.9052568963976088,-0.020198088580182426
ecg_rhythm,-0.0482069018210647,0.008529812215815346,0.006976447927115953,0.0005923914301977001,-0.025991651756777617,-0.0020378381198199323,0.0013619289092941253,-0.004579968798240801,-0.0009389083547833014,-0.005664626167138336,-0.02105612926919742,0.013487882141970798,0.01114434237491064,0.0010931479722096336,0.0023144024455382588,0.0053621218884692574,-0.0014949200767966045,0.00876029831201705,0.005666958486270107,0.03431197384420228,-0.00045370067104243887,0.004466853914600122,0.0024018356320689984,1.0,-0.011240539042171708,-0.00875868398043946,0.00629843192489445,0.009972371668007098,0.007937695790973701,-0.012435279259940443,-0.008300412009168338,0.034422149853164524,0.008350411275501176,0.008238252317248515,0.03354737053994194,0.03191556810135279,0.010389576446933205,0.00794531567154991,-0.00793452379779547,-0.0052454910264039135,0.0482069018210647,0.03945272865290146,-0.01027065140836683,-0.009260710350532544,0.012435279259940443,0.03426159381925544,0.04406493304405865,-0.00441591722905212,-0.003994468736795852,-0.00441591722905212,-0.003978753235258289,-0.00449724273170062,-0.0076801773126616455,-0.016574342659017978,-0.0009036238430715619,0.0001533652087737701,0.24851651575944889,0.2464151971391507,0.24623129874123595,0.002316063645000015,0.020905246734536382,0.030161149311162722,0.006925876167975123,0.004557772542955202,0.009564578437014803,-0.007037724370174419,-0.008157592881050814,0.005580254729527093,0.03336061987223775,0.0305568078345365,0.018519603628961236,0.00513538565769068,0.004201321258697875,0.009018970925429805,-0.01913760298492731,0.002181975112483193,-4.578191370285435e-05,-0.0025721541481292663,0.010666464971788348
bp_systolic_mmHg,0.36301304099386417,0.11128395287074504,0.03765345052567523,0.16208315224674666,0.18895684133394877,0.19987943139315914,-0.001818703220571609,0.010747404015941183,0.002312535295385796,0.014202208651097614,0.016982889260906558,-0.01711961743502523,0.006800852103056895,-0.014472139116933657,-0.013780546704796944,-0.015163165366642844,-0.008331994345888105,0.003971745438508027,0.051066517117183345,-0.213479318170027,-0.04401905294904983,0.009856678359035767,-0.009047264429805527,-0.011240539042171708,1.0,0.8926030473954093,-0.0018583197317581413,-0.13373617740203897,0.0036803667211118608,0.10441387323625673,-0.0030304632989139064,-0.2063348311040104,0.050436540619842464,0.05192161564670129,-0.20852441652005518,-0.2049144939799457,-0.0021377694543643446,0.0030996164948929156,-0.003196396073293207,0.15531150988443987,-0.36301304099386417,-0.3351829959743686,0.9642269918004757,0.8116252691256606,-0.10441387323625673,-0.18873369218264802,-0.32820470141484015,-0.005184101042673598,-0.004417672563544265,-0.005184101042673598,-0.00567367519763612,-0.005437745698875642,-0.00714191406965155,0.1428015089570056,0.0035567406123710454,0.02893682927064639,0.07489017516450404,0.07375802440419352,0.07368783391953482,0.05354344999611561,-0.009845365589317664,-0.19698365107955867,-0.011518824730238165,0.005505533447292776,-0.011450948608228591,-0.002733049310666709,-0.0008430685598365,-0.009266387127805776,-0.2054940639622596,-0.20132702647173503,-0.01392926358474586,0.00902664532640745,0.01152248128259366,0.008877101232188055,0.003630473309275409,-0.008162368502930112,-0.009453222078428341,-0.0050659331538240576,-0.010582720699000514
bp_diastolic_mmHg,0.15487489143109445,0.0838212050146079,0.013162634284442077,0.15349517860189618,0.11452469880134016,0.17540745887482137,-0.0059465386840911825,0.01954877404455576,0.0052578706495648156,0.005365470621935154,0.021554446160309142,-0.019856631243006802,0.004183924883012903,-0.0001828969222926961,-0.00228962877054944,-0.00718954978807824,0.0030639411184592,-0.001343706217212975,0.03278229163610696,-0.0805864858540371,-0.011801937697934705,0.010158181753554384,-0.002635373126586776,-0.00875868398043946,0.8926030473954093,1.0,0.007922832616033394,-0.05502279579768273,0.0017390209809888433,0.042646768985157624,0.0076114824328232375,-0.07221660941253245,0.031756270187522175,0.03626310929498283,-0.07694144820769278,-0.07673323238076425,0.007956853524163754,0.011525612838169564,0.007446245648221037,0.1620926426579442,-0.15487489143109445,-0.14807764477700294,0.9797249574039986,0.47799197386133213,-0.042646768985157624,-0.06810560922193813,-0.1380440752529834,0.006080081808241021,0.005884622905788707,0.006080081808241021,0.00683092555970914,0.006236207599644766,0.005324494934149216,0.09589847867249542,0.0026776307038798935,0.018432576208754062,0.03720941309602247,0.03626124207576659,0.036154878536057686,0.038566315005574545,-0.0060960186657649995,-0.07300785534109977,-0.0037113737037088824,0.012397405955789231,-0.008867159239463964,0.00782309978283038,0.008013382118513011,-0.0015865188772329348,-0.07171381455236785,-0.06869022658532217,-0.014087773128412714,0.009377622979567119,0.012529462079654495,0.007695301731628318,0.00817666154376471,-0.0029821512646234106,-0.002583046356297531,0.0017429232418791714,-0.012548424397786726
sleep_duration_h,-0.010586543673460926,-0.006046338260372604,-4.934500655882575e-05,-0.003117748992901266,0.002588391017361119,-0.00032051187310884455,0.0054410412136451525,-0.032744505499841425,-0.24619253657848447,-0.1442901922971912,-0.010604891950332587,0.00469047712168629,-0.0074215953243329,0.007014333784064631,0.01468753274307379,0.010203486524417526,0.002764456450640178,-0.002499960244837328,-0.013647158474569399,0.05932025813212639,0.006182549975586297,-0.0006233261633726264,0.011124011587013538,0.00629843192489445,-0.0018583197317581413,0.007922832616033394,1.0,0.007277793351024236,0.018697743136207957,-0.01619948422432809,0.011669858323186698,0.013886954160313627,-0.017501247478694453,-0.018979160803536944,0.05977323029993969,0.055942841642884836,0.9382461786990276,0.8869471304281321,0.011207709718815125,0.0004377646374129327,0.010586543673460926,0.015375604564642159,0.0038105575496805676,-0.016373079930622786,0.01619948422432809,-0.004443394329038701,0.005472880456417834,0.014133949252506777,0.013417202674470212,0.014133949252506777,0.01451217246973337,0.014290133791691468,0.014042695128668545,-0.00454336108391712,-0.015899041976469536,-0.01655872157297329,0.006972222366955581,0.0074304088367213115,0.007370849331384262,-0.016628792551425332,-0.00323623471543527,0.056147882893787054,-0.0027926768312758993,0.8424179534451222,0.021799404396351987,0.011653874179268565,0.011007221404136833,0.0036270581752967978,0.014776826166844186,0.015335782660631318,-0.005963438166798094,-0.0016708232686491447,-0.0005341156950577631,0.004052179869499222,-0.01333975233902047,0.012003443854693652,0.013313585700236986,0.013638440433376538,-0.0027073180648237547
deep_sleep_pct,-0.35849267204417545,0.002438831950851461,-0.0060844697521033695,0.020406995663450972,-0.14771232569431578,-0.008677728713120256,-0.0024884522493326283,-0.00318846121039348,0.012053202042295945,-0.011422511400558619,0.010970173479468284,0.00869100348058141,-0.007141655650654805,0.012451829184922467,0.013647044446564017,0.013610240676625755,0.010667764196536523,0.02317316212321751,-0.04652772938845974,0.22747462737789892,0.0409056757111631,0.0029876175885088117,0.004168518461143262,0.009972371668007098,-0.13373617740203897,-0.05502279579768273,0.007277793351024236,1.0,-0.003472605510370211,-0.7815664032748358,0.01191817309908287,0.24476996601504689,-0.04759627638739142,-0.04713594540430328,0.22394671450676626,0.2195310080173651,0.007385087136360033,0.007918192081528348,0.01385153741085736,0.02230729385372986,0.35849267204417545,0.3280607850796944,-0.09113295054193843,-0.19476580472450622,0.7815664032748358,0.1968425800930402,0.327148580738665,0.013423081503785383,0.011862815834486104,0.013423081503785383,0.01477685675569903,0.013909520686120586,0.016412721014220623,-0.07019266415718771,-0.014600730139926441,-0.6886577664315058,-0.046101721169687804,-0.046111911822282,-0.04619412672207622,-0.04465718444615327,-0.0010544946517800173,0.21421669566553447,0.0014891059536821763,0.0048442630779597234,0.005418487652428611,0.012880834397903537,0.013927424463969927,-0.011751402089782835,0.2436412255306706,0.24131542119628666,0.0036628464564337614,0.001655661226000042,0.00298810886031568,-0.004294848200709118,0.0242360707759379,0.004202961288380629,0.007841861518564456,0.010206003304911605,-0.005165842238151513
rem_sleep_pct,0.0061499404306719465,-0.021484489334292874,-0.019115853667447554,-0.001538426472080124,0.02757758713601029,-0.00277992345851164,-0.00193944808023096,-0.021442218144360176,-0.014131808292018813,-0.0009564989374192683,-0.0002670960204684906,0.0001848470324210084,-0.006709742865976538,-0.0041005060126978864,-0.004363850108252461,0.009544852384063192,-0.006668980136866947,-0.005167704452497778,0.00019339022568415422,-0.006482193903689364,-0.007064013267446501,-0.004019992217855638,-0.007871526913726857,0.007937695790973701,0.0036803667211118608,0.0017390209809888433,0.018697743136207957,-0.003472605510370211,1.0,-0.5840077895949951,-0.005914339991869706,-0.013595881417477236,-3.387093797198697e-05,-0.004936198291080064,-0.00796150641554957,-0.008280526926417061,0.0172644000216573,0.015263062671213799,-0.006119596247904094,0.011925833994677958,-0.0061499404306719465,-0.006574935030763064,0.0028456963692059804,0.004636077626416488,0.5840077895949951,-0.001610023951728143,-0.008471149026884027,-0.004749138064576433,-0.004212639432168195,-0.004749138064576433,-0.0044227539501066,-0.004882360570515746,-0.004433784436462207,0.004744456225345441,0.005381803501611898,-0.58613945530812,0.0018869507127491883,0.0019919235390404833,0.002048138548053006,-0.002682167514369769,-0.01029691562011847,-0.00809505054351401,-0.003988959145907661,0.01715567256193796,-0.00954746192037641,-0.006016414259964431,-0.008908037558068228,0.013728270097282544,-0.014474751301120208,-0.013352516384354116,0.0012746288098882338,-0.0053957227604514895,-0.0028306699147494104,-0.0023769146850403772,-0.0015352601056118718,-0.0075350566321314375,-0.008304913611488277,-0.006458363931309172,-0.006414418632917931
light_sleep_pct,0.28165552309783043,0.012179846047515342,0.015797713536994162,-0.014779449083800454,0.10118467065419162,0.010376922421835496,0.00135171065189061,0.014557297686764678,0.0006910299693201698,0.005234507002923282,-0.00727863838108377,-0.004415024223496052,0.008074689050411837,-0.008808454448120753,-0.009799745792641288,-0.016592344380003152,-0.007329246307921439,-0.019884271398341348,0.03706095998086804,-0.17378336892901788,-0.030213329452163772,0.0014437409234064834,0.0017193841153169199,-0.012435279259940443,0.10441387323625673,0.042646768985157624,-0.01619948422432809,-0.7815664032748358,-0.5840077895949951,1.0,-0.006707407711063998,-0.1866229161901132,0.038012118084241694,0.04068571778248985,-0.17119166405919956,-0.16690798120096154,-0.01582323296721285,-0.01574394910210598,-0.007723805084567122,-0.02399110329504013,-0.28165552309783043,-0.25745424114163706,0.0707746282152548,0.15242952208392158,-1.0,-0.15535465029580353,-0.25496423763370085,-0.00881587379107251,-0.00805732579528832,-0.00881587379107251,-0.009841729600798987,-0.009037039815643865,-0.01117407297047347,0.052615253038491315,0.009211829597920019,0.9232850117897969,0.03792203206988525,0.03774695923543272,0.03777124951800779,0.03671816092308512,0.008924513899527689,-0.16299478509581242,0.00134566595242913,-0.015081252933205813,0.003866609347895499,-0.006774897760721803,-0.005981825150093602,0.0023977659913200855,-0.18512475746390336,-0.1840175524205991,-0.004290918593281961,0.0036454663740971387,0.0010679113574321485,0.00694350152335495,-0.019685462019087715,0.0011539274550908935,-0.0010382600478915283,-0.004189495511381735,0.007898937200198275
steps_per_day,-0.017920389485537345,0.006898923915007801,0.007135448073050601,0.004272277177467417,-0.2313347856063115,-0.002574662385017034,0.005589303483856885,-0.020152952820104715,-0.008885049334752928,0.0034332701629620297,0.0019811391195739174,-0.010196763339620387,-0.012835401457329186,0.8185104697615568,0.7292958167532426,0.3942462115189612,0.7047311481568059,-0.3069354637718493,-0.08559935761881418,0.06332547603776463,0.01206262018726753,-0.013371568793381278,0.0034775177028008755,-0.008300412009168338,-0.0030304632989139064,0.0076114824328232375,0.011669858323186698,0.01191817309908287,-0.005914339991869706,-0.006707407711063998,1.0,0.4097400037640272,-0.08120117813410116,-0.0814981644559486,0.06162300551389267,0.05880958992398261,0.01078807372009407,0.009698163487018114,0.9931516109582189,0.00344160942501519,0.017920389485537345,0.05251523150450559,0.0031293890797256547,-0.01516069816003759,0.006707407711063998,-0.08976189555412671,0.01724338980493608,0.9809990547094869,0.9778332902624571,0.9809990547094869,0.9611498419194741,0.9769555016886202,0.9636202531912778,-0.004730697711541623,-0.015711324418476256,-0.004898632645202995,0.003741019576486418,0.004044622861289033,0.004050857823507099,-0.07604854849089979,-0.016373471746985332,0.06019713054613598,-0.005093805294314319,0.00972287510050861,-0.00571791742194711,0.9863530130823972,0.9699890514276431,0.0045624034518869944,0.4091327766090249,0.4056359665977719,0.014610078421559309,-0.009405050313561366,-0.011376942424904042,-0.010477476462016052,0.0004259449513740378,0.0020504873244702264,0.004037258681344521,0.006294765913294246,-0.001988814620137788
vo2max_ml_kg_min,-0.6820581705374267,0.4326959296695286,0.3194770602780978,0.23908572329086217,-0.6619009446924771,0.18082856305159692,0.08161657317075328,0.0008329060389647253,-0.0017233299205248508,-0.009843910588958253,-0.02097625002359109,-0.0011096080217256597,-0.006283880523303053,0.3948913316234055,0.39999971469644235,0.1901479632723516,0.3387327455919951,-0.11608226447173313,-0.20063186627211574,0.49965399208016725,0.13127410582441168,-0.00280119054409387,-0.005177027834995463,0.034422149853164524,-0.2063348311040104,-0.07221660941253245,0.013886954160313627,0.24476996601504689,-0.013595881417477236,-0.1866229161901132,0.4097400037640272,1.0,-0.19381630836913086,-0.1899540813416459,0.4892784348408153,0.47764928791433037,0.013287241045624891,0.00893700508894882,0.409356829355509,0.045722361254676956,0.6820581705374267,0.672732009686685,-0.13279041258724156,-0.3211082053016375,0.1866229161901132,0.23698761347205494,0.6194635937152952,0.42711460090685865,0.4200948000927753,0.42711460090685865,0.42554421430621286,0.4281764389811184,0.42361744883616764,-0.09433298884657693,0.004832363591609166,-0.008742638462772769,-0.10921433513060966,-0.10822863661534086,-0.10826013917491897,-0.18170246208100496,-0.012182919817805851,0.46682181614403906,0.00043749705201974633,0.009412883739508413,-0.00432207138195402,0.40511912342771855,0.3985046399964437,-0.0004270224081332824,0.9972243650253235,0.9864007798399285,0.023838277206730027,-0.002913597027406936,-0.0016891155154327355,-0.0066805889271054205,0.02024473400470324,-0.006190773805061243,-0.0034874171092212584,-0.0011644006444989053,-0.001620456671851834
rhr_7d_avg,0.1219107597482709,-0.05975316462653621,-0.08023907842983823,0.041128371478402925,0.17497434824717328,0.06249127387204174,-0.07253795050145158,0.005748461950566813,-0.004465816929164859,0.0024156797578883376,0.01032651185655901,-0.011420168168947314,0.004242853824601184,-0.07829616541598482,-0.07779310823376172,-0.0488158328619815,-0.06328556560715354,0.030303792641812242,0.9690603503626282,-0.09090505094230827,-0.03665491250461458,0.021161847052570487,0.009075572617188825,0.008350411275501176,0.050436540619842464,0.031756270187522175,-0.017501247478694453,-0.04759627638739142,-3.387093797198697e-05,0.038012118084241694,-0.08120117813410116,-0.19381630836913086,1.0,0.9706205876447318,-0.08984423417956951,-0.08812550001775131,-0.013938689958819821,-0.014717169194090022,-0.08229002613983265,0.10093339350606481,-0.1219107597482709,-0.491189011232369,0.040456257206766565,0.06060796334402743,-0.038012118084241694,0.7092885696310571,0.08169215824889431,-0.08387434040511656,-0.08227648120449514,-0.08387434040511656,-0.08237914663119619,-0.08397828700154009,-0.08462885018420623,0.0614552286841565,0.0022765758928585947,0.018106490883820624,0.011531834707106765,0.011562431752195191,0.01148412284234486,0.9436876682728513,-0.005724767977791266,-0.08607293869599694,-0.002431441794449411,-0.017523614732903144,0.012679038447180076,-0.08369428634838978,-0.08030147827443397,-0.00831144280299088,-0.19376064015202757,-0.1923915270159516,0.004853554375930106,0.019357259323032044,0.020299161766215924,0.018731724258090512,0.00441305234755688,0.007380980018934695,0.007360568203962456,0.005205159448447012,0.001524739847272817
rhr_30d_avg,0.11473243111029763,-0.05942102168395798,-0.07701636364864531,0.04363260156937022,0.17092441769432515,0.06248386605183321,-0.06973703490345536,0.0021558768543303306,-0.005028271189872746,-0.00015709601268416005,0.010815315916644247,-0.009751362106110254,0.0018912900341614331,-0.08058307176333163,-0.07887834829162592,-0.04918237824653513,-0.06499758602671082,0.02912412003509605,0.9408995156503747,-0.08386407819018533,-0.03186288676932574,0.023511678729141356,0.007723490488722182,0.008238252317248515,0.05192161564670129,0.03626310929498283,-0.018979160803536944,-0.04713594540430328,-0.004936198291080064,0.04068571778248985,-0.0814981644559486,-0.1899540813416459,0.9706205876447318,1.0,-0.08339495207563363,-0.0817614862266056,-0.013865047784118553,-0.015314467052063475,-0.08245171976030632,0.10071991490189464,-0.11473243111029763,-0.4744379253502265,0.043722658396635625,0.05700334884606508,-0.04068571778248985,0.6930153495702412,0.08370148074462602,-0.08440972937260297,-0.08269888613705012,-0.08440972937260297,-0.08329679368150537,-0.08462146420202209,-0.08492142312337604,0.060531179932325076,0.0016556738581930224,0.022959729828115394,0.013071623465115458,0.013202637303423342,0.013106627492635364,0.9721376067144748,-0.005736171036603522,-0.07924544698637961,-0.004584607431649013,-0.01685147480473196,0.008377632927944634,-0.08325506782150276,-0.07977358511392675,-0.009499173180838576,-0.19013962687067418,-0.18901451301693864,0.004996746371117235,0.021453012751653414,0.02232834779804442,0.019965099721541424,0.007665453887058151,0.006489445456602969,0.007058048984406362,0.004124158345415028,0.0032298422212146353
hrv_7d_avg,-0.6111398271657903,0.055527120098832275,0.03116655103299898,0.03264734684059252,-0.3125793047488956,-0.012448414572789513,0.05873864983022556,-0.0074332507017180515,0.008976465102238963,-0.4714452068875334,-0.026033168653288707,0.00400383748347663,-0.0011850992929341646,0.05972965408661278,0.05730876950202894,0.041244295797697894,0.04524710132778842,-0.02227256186200356,-0.0930746913051655,0.9790206759066727,0.11184772382156383,-0.030573608241370006,-0.003083117417720847,0.03354737053994194,-0.20852441652005518,-0.07694144820769278,0.05977323029993969,0.22394671450676626,-0.00796150641554957,-0.17119166405919956,0.06162300551389267,0.4892784348408153,-0.08984423417956951,-0.08339495207563363,1.0,0.9675584032620774,0.05875496612899501,0.05258438227910549,0.06108323394190696,0.011733837394688749,0.6111398271657903,0.5643845416571571,-0.13634580050506068,-0.32016600187089456,0.17119166405919956,0.3139981618757411,0.5541755865860553,0.06483282573293712,0.062213692176011755,0.06483282573293712,0.06664733617799336,0.06558212131927366,0.06248627603173213,-0.13450651580007314,-0.0032863065004613513,-0.01802100646312856,-0.10575881396911338,-0.10531862045502124,-0.10540539279767189,-0.08094946664262168,-0.0011870981795257314,0.9387790811965824,0.021123984242464713,0.05035292250502862,0.010647045443303246,0.06096088371816251,0.06148040391367604,-0.007993269609832819,0.48708483279173226,0.4817962530161702,0.0035867430299043753,-0.031178778902870557,-0.031078082710001242,-0.0314241407355077,0.004334066316828156,-0.0033780450645597452,-0.0021609911336946093,-0.003288349987200207,0.001202993829903313
hrv_30d_avg,-0.5947087153307283,0.05802193595650527,0.032021519237675856,0.03248212410356004,-0.30508251948874904,-0.009925350409799798,0.05849954488491525,-0.008618849318992454,0.008109089134882232,-0.45649910246550174,-0.023958477101735244,0.005335618885073467,-0.002323720812410642,0.05621663602755819,0.05171253460207978,0.037909729406375985,0.04164312025134641,-0.018678196450747756,-0.09214635354331392,0.9480203396119219,0.10825725713342944,-0.0248644212200214,-0.005059675499173542,0.03191556810135279,-0.2049144939799457,-0.07673323238076425,0.055942841642884836,0.2195310080173651,-0.008280526926417061,-0.16690798120096154,0.05880958992398261,0.47764928791433037,-0.08812550001775131,-0.0817614862266056,0.9675584032620774,1.0,0.05487253550846947,0.049186871850893085,0.05799318450698486,0.010981267598338375,0.5947087153307283,0.5496914426284382,-0.13469701942082063,-0.3132303495822721,0.16690798120096154,0.3038007212334794,0.540144624656235,0.061283894219656174,0.058793045418203335,0.061283894219656174,0.06285042583383167,0.06202417220982799,0.05871809786976003,-0.1297497474290298,-0.005745607362001742,-0.018126085961918604,-0.10208989402918302,-0.10176564377519878,-0.1018687685669101,-0.07940034139910068,-0.0003299323329166933,0.9703107180879174,0.02029632028958293,0.046886442813261285,0.010278513031418884,0.058183957213423725,0.058823421366130654,-0.00860460202556532,0.47523957603040395,0.47054950272159696,0.002125505793742196,-0.02602700346076715,-0.025254303329509554,-0.02455111926959967,-0.0006129562388025275,-0.005886071868112795,-0.0045878563721056444,-0.0063592993633310845,0.0032124702709661578
sleep_7d_avg,-0.011375446735009271,-0.008904878947449889,-0.0033335608438266346,-0.003916883850090533,0.0022763688377629102,-0.0018238091034085194,0.0034432941636188476,-0.027697655314162233,-0.23620541402937142,-0.13652801442601845,-0.009463735525025914,0.0016298183553676712,-0.010073432650111028,0.0036886015776574767,0.014813519371797203,0.008004966543720448,-0.0002407455561783225,-0.0033333473535580344,-0.010409255277450702,0.058356502679720514,0.003338159011751703,-0.0012022013415991168,0.004979993559099721,0.010389576446933205,-0.0021377694543643446,0.007956853524163754,0.9382461786990276,0.007385087136360033,0.0172644000216573,-0.01582323296721285,0.01078807372009407,0.013287241045624891,-0.013938689958819821,-0.013865047784118553,0.05875496612899501,0.05487253550846947,1.0,0.9462566499694037,0.01033322782156289,0.0013307827238126478,0.011375446735009271,0.014168182055462209,0.0037527229059367904,-0.0177346184286241,0.01582323296721285,-0.0005279103699066094,0.007433077201901596,0.013383218301624807,0.013276210540499368,0.013383218301624807,0.013302845804550057,0.013292873866416316,0.013339567495054067,-0.0002393805695398773,-0.005553998656690268,-0.015118738551238811,0.009106708898230523,0.009541749071959723,0.009482165168871596,-0.010503959627062583,-0.008207135046141201,0.05422734626820195,-0.0009134270033209342,0.9000973182719847,0.018115820570129604,0.010144620599519177,0.00944177838581774,0.0023906757419384994,0.013995230562008723,0.015144230075767925,-0.011386760461838407,-0.0015303100666223118,-0.0005855549603195657,0.003440947268197239,-0.014168497302356498,0.006409540299541001,0.006796101467534483,0.00908900546614086,-0.005974387448510782
sleep_30d_avg,-0.0050614098481191515,-0.00914587479935166,-0.006770820491789783,-0.004521811043735745,0.006065023297366608,0.00043281768471054645,0.001857389611511661,-0.030222650407103306,-0.23007647307390777,-0.12838650585402003,-0.007543666959263082,0.006503061699480844,-0.012707856246244969,0.0017571754956850884,0.01257989585303002,0.010071300664412725,-0.0015705831766812364,-0.006679444543532474,-0.010966989691265793,0.0525648717513412,0.0015364190035116723,-0.002697295939795941,0.004675669224424477,0.00794531567154991,0.0030996164948929156,0.011525612838169564,0.8869471304281321,0.007918192081528348,0.015263062671213799,-0.01574394910210598,0.009698163487018114,0.00893700508894882,-0.014717169194090022,-0.015314467052063475,0.05258438227910549,0.049186871850893085,0.9462566499694037,1.0,0.009190337806194866,0.0036545694538843445,0.0050614098481191515,0.009380740990073865,0.008205721875747118,-0.011760789985699443,0.01574394910210598,-0.004984488484518268,0.003191447508929386,0.012206261358927039,0.012670878357460426,0.012206261358927039,0.011294791917813494,0.011798142913615672,0.010753166337620627,0.000919019476106794,-0.0022018746513464034,-0.01637756268966252,0.007559480978850345,0.007822750476472356,0.007808221438136218,-0.012696832845137862,-0.0054437126944656845,0.04830046183266516,0.0017213293231258797,0.9503979306831888,0.018919259733157223,0.0098536706745402,0.009342619687876051,0.0026685196870098625,0.009465329923478743,0.009442717694740432,-0.002922469417154986,-0.002396352879730725,-0.0025098332122613634,3.944011590027035e-05,-0.010765355508016005,0.006179441182834621,0.00615169886560027,0.009895110047428522,-0.009384676578943374
steps_7d_avg,-0.01861536520858935,0.010058147624250014,0.009521592845106642,0.006408219401945263,-0.23144654181537522,-0.0005673384745357858,0.00501864399771334,-0.021926316792465345,-0.006559565154478199,0.003971884549522785,0.002834611118879558,-0.01072602768993701,-0.012793669075763878,0.8132413896376276,0.7249745260047408,0.39148808421928993,0.7002077120486706,-0.30645430880355157,-0.08652783458697096,0.06308040586342595,0.012623460784253315,-0.013023764158837752,0.003139779134742893,-0.00793452379779547,-0.003196396073293207,0.007446245648221037,0.011207709718815125,0.01385153741085736,-0.006119596247904094,-0.007723805084567122,0.9931516109582189,0.409356829355509,-0.08229002613983265,-0.08245171976030632,0.06108323394190696,0.05799318450698486,0.01033322782156289,0.009190337806194866,1.0,0.003927955111934619,0.01861536520858935,0.0532744360889133,0.002956739075426408,-0.01502594044404315,0.007723805084567122,-0.08970815950529132,0.017965889819228188,0.9746555155863265,0.9714414258963946,0.9746555155863265,0.9550042043036826,0.9706795824029885,0.9576298839503558,-0.003094611062087137,-0.015663375339368856,-0.005816398658801169,0.005288653926779264,0.005608071845820783,0.0056054708110983625,-0.07668992762433657,-0.017779635476142246,0.05947995573437096,-0.005378062923847393,0.009312804479671439,-0.006523959991968465,0.9932805242291609,0.9764577890440524,0.005794963733551646,0.40878457418393266,0.4051343716532977,0.01619251857190723,-0.009207666460369971,-0.011330476932652446,-0.010073876174323905,-0.0007033140084461238,0.0015939574180306093,0.003801608790351057,0.006476240988030785,-0.003634101462047968
bmi,-0.015158695142165909,0.1410800149820962,-0.18008167147998355,0.785952184116931,0.4701128983979816,0.8271251503541165,0.0029141215628985355,0.00793068541785672,0.005180266425509587,0.0034249260679069266,0.003027285290776735,-0.007137022430959294,-0.06265730644163657,0.01451663630184403,0.011680290613017457,0.014043523005331845,0.007484007130323529,0.000635089418989682,0.10288019790095072,0.009839639535938739,0.00533320877708458,0.059492119986304,0.0005558842843986082,-0.0052454910264039135,0.15531150988443987,0.1620926426579442,0.0004377646374129327,0.02230729385372986,0.011925833994677958,-0.02399110329504013,0.00344160942501519,0.045722361254676956,0.10093339350606481,0.10071991490189464,0.011733837394688749,0.010981267598338375,0.0013307827238126478,0.0036545694538843445,0.003927955111934619,1.0,0.015158695142165909,-0.028588631814320864,0.16248044162345363,0.097634600991884,0.02399110329504013,0.11466472098782772,0.02010503910369103,0.004961720465439086,0.003631224899520924,0.004961720465439086,0.005876872428751117,0.005301283073312491,0.005472211642763877,0.2590923099368191,0.015060624629530346,0.035794286114573096,-0.003384454461707792,-0.004140063551470263,-0.004129029406302879,0.10005525631761185,-0.008311096550275511,0.010623287003633698,-0.0028367517615400456,0.0060413006011533,-0.012063486376497939,0.004034469470706461,0.005237560556390129,-0.008967448106523843,0.045668539766366055,0.043289746676877114,0.016524640123348183,0.05760454783072779,0.056876548572699935,0.058382627958976245,-0.009651059403450577,0.001397671851430093,-0.0019153508642802833,0.001020002502822907,-0.010095596137940446
max_hr_bpm,-1.0,0.006554354135365167,-0.011481298561951812,0.01141662605043515,-0.44045232346163027,-0.059113808366805944,-0.0023679890634963757,0.014506693675360663,0.004592684943819174,-0.027575850459289435,-0.01819528300461941,-0.006465119071564488,0.0013650693870500257,0.018421589169975827,0.01962585608032472,0.010839811473039754,0.014860370116303019,0.0022440761231218753,-0.12134147086803021,0.6218922859794782,0.1366579937238503,-0.01584811267003292,0.002298234802980806,0.0482069018210647,-0.36301304099386417,-0.15487489143109445,0.010586543673460926,0.35849267204417545,-0.0061499404306719465,-0.28165552309783043,0.017920389485537345,0.6820581705374267,-0.1219107597482709,-0.11473243111029763,0.6111398271657903,0.5947087153307283,0.011375446735009271,0.0050614098481191515,0.01861536520858935,0.015158695142165909,1.0,0.9121470181533871,-0.24982737775740144,-0.5262570104819136,0.28165552309783043,0.5483809342499771,0.9008085079480672,0.020252347904983238,0.018968698980782944,0.020252347904983238,0.02153352412881274,0.020697428039327656,0.021745854559561843,-0.21771071041275983,-0.003221112520507136,-0.03244659767757873,-0.1627117460774769,-0.16202928540109432,-0.16205281059764087,-0.11018229931476659,-0.0008838644575358013,0.5781351007334791,0.012055228234151082,0.004687207672399175,0.0056511797777346415,0.0179035311838306,0.017882332791101622,-0.0039870878635102905,0.6800104178025188,0.6717525556221171,0.016515902633935414,-0.017028953495526005,-0.0140565204860708,-0.020271151734176145,0.026547433477973267,0.0006353247805716317,0.005809074556169814,0.0044253902887079095,0.004103955630498227
hr_reserve_bpm,-0.9121470181533871,0.03296677465889084,0.02499256103622964,-0.006312858018820661,-0.4549012336331629,-0.07471506494793573,0.02695087573939921,0.008948438930117389,0.002423650582640821,-0.023552598504219324,-0.021110498178809632,-0.00016760735547214622,0.0006264836758007152,0.052044303036213296,0.052206187456998634,0.031077477924353284,0.04290843290031017,-0.011354305030396049,-0.5019562824345746,0.5737139109373184,0.13357924233669508,-0.02032961814827332,-0.0017191676791383959,0.03945272865290146,-0.3351829959743686,-0.14807764477700294,0.015375604564642159,0.3280607850796944,-0.006574935030763064,-0.25745424114163706,0.05251523150450559,0.672732009686685,-0.491189011232369,-0.4744379253502265,0.5643845416571571,0.5496914426284382,0.014168182055462209,0.009380740990073865,0.0532744360889133,-0.028588631814320864,0.9121470181533871,1.0,-0.23354315425331992,-0.47990249061947376,0.25745424114163706,0.1816618946132025,0.7411329103165292,0.05546123232770109,0.0536814602702604,0.05546123232770109,0.05578027907106529,0.0558472594178373,0.05686127577914691,-0.21450669203681574,-0.00630345861933765,-0.03437190824135854,-0.14554852849534392,-0.14488825288661658,-0.14488822910565693,-0.46056521129879746,0.0016162838493449065,0.5340331424362681,0.013496592229919857,0.009981494276286147,-4.109455096478596e-05,0.05313584340279555,0.05155283550770402,0.0005013083375364679,0.6710109682402777,0.6633425197494457,0.010537031130824522,-0.02056331583924651,-0.018561471121619353,-0.023263239883589998,0.020919533275235744,-0.0024194231174427374,0.002110429245021665,0.00196694396334502,0.0017029370496767894
map_mmHg,0.24982737775740144,0.09772734342630555,0.02440619843373101,0.160520347852921,0.14977279277063812,0.1899106682724905,-0.004362169081223681,0.016444836802134623,0.0042830352750208535,0.009349065989029926,0.02008599704032569,-0.019504073462251956,0.005956630200812982,-0.006440296178632277,-0.007372735449864796,-0.010833179310943294,-0.0018313318733801636,0.0008693100488029527,0.041335961011520886,-0.14066941273689093,-0.026029089114105387,0.010409211179936947,-0.005823053129863076,-0.01027065140836683,0.9642269918004757,0.9797249574039986,0.0038105575496805676,-0.09113295054193843,0.0028456963692059804,0.0707746282152548,0.0031293890797256547,-0.13279041258724156,0.040456257206766565,0.043722658396635625,-0.13634580050506068,-0.13469701942082063,0.0037527229059367904,0.008205721875747118,0.002956739075426408,0.16248044162345363,-0.24982737775740144,-0.23354315425331992,1.0,0.6356872278732082,-0.0707746282152548,-0.12281144158132073,-0.22469644601403757,0.0012853484101590482,0.0014944618367532872,0.0012853484101590482,0.0015141617248532833,0.0012744727284201174,-1.4257257150771262e-05,0.11867530720015625,0.0031187512872888883,0.023537775869224602,0.05451260851113444,0.053475463229864635,0.053383155637289514,0.0458634631296922,-0.008248790456990172,-0.12890731297257876,-0.007648726200103479,0.009815508378139295,-0.010448932506564524,0.0033678109444614567,0.004269987056581543,-0.004909482431636182,-0.13214690188511716,-0.12857909998503023,-0.014239071246738379,0.009619378012864532,0.012563425282456828,0.008468178107192905,0.006753790271186364,-0.005572584083098389,-0.005995391498239845,-0.0014736411432707693,-0.012025925244112026
pulse_pressure_mmHg,0.5262570104819136,0.10979763160054853,0.05584845440690685,0.1216640452339666,0.22965779311979456,0.167788433456305,0.002215572227666403,-0.005704907664608028,-0.0028202341935446517,0.022419136361019068,0.007117962814236798,-0.010629491339615348,0.003442307406774749,-0.027098915406616346,-0.02304542449190856,-0.02019162739117576,-0.019784638385006128,0.007789393202592071,0.060436747278389644,-0.32512488727087685,-0.0727139520914286,0.006167179354895866,-0.015853529490706855,-0.009260710350532544,0.8116252691256606,0.47799197386133213,-0.016373079930622786,-0.19476580472450622,0.004636077626416488,0.15242952208392158,-0.01516069816003759,-0.3211082053016375,0.06060796334402743,0.05700334884606508,-0.32016600187089456,-0.3132303495822721,-0.0177346184286241,-0.011760789985699443,-0.01502594044404315,0.097634600991884,-0.5262570104819136,-0.47990249061947376,0.6356872278732082,1.0,-0.15242952208392158,-0.290360889398621,-0.4792690192073191,-0.017420518969931357,-0.015423554599686716,-0.017420518969931357,-0.019587743846370385,-0.018268999473784363,-0.020225872791905276,0.15916915959914485,0.004612967651083558,0.03158050577774578,0.10071141608675346,0.0996285666860581,0.09963338847372058,0.05654989266378646,-0.009043736502533175,-0.30243833691181016,-0.017593452948901543,-0.00845045057202046,-0.009391540479803865,-0.014204886821834566,-0.010977175849190248,-0.014457477867694116,-0.3198956047152864,-0.3153762135134029,-0.008568483375661143,0.005181205924927895,0.006063022697522029,0.00802818970188036,-0.0076545233051653495,-0.013944050729406954,-0.016850649607375316,-0.014059500447887072,-0.004166867706876875
restorative_sleep_pct,-0.28165552309783043,-0.012179846047515342,-0.015797713536994162,0.014779449083800454,-0.10118467065419162,-0.010376922421835496,-0.00135171065189061,-0.014557297686764678,-0.0006910299693201698,-0.005234507002923282,0.00727863838108377,0.004415024223496052,-0.008074689050411837,0.008808454448120753,0.009799745792641288,0.016592344380003152,0.007329246307921439,0.019884271398341348,-0.03706095998086804,0.17378336892901788,0.030213329452163772,-0.0014437409234064834,-0.0017193841153169199,0.012435279259940443,-0.10441387323625673,-0.042646768985157624,0.01619948422432809,0.7815664032748358,0.5840077895949951,-1.0,0.006707407711063998,0.1866229161901132,-0.038012118084241694,-0.04068571778248985,0.17119166405919956,0.16690798120096154,0.01582323296721285,0.01574394910210598,0.007723805084567122,0.02399110329504013,0.28165552309783043,0.25745424114163706,-0.0707746282152548,-0.15242952208392158,1.0,0.15535465029580353,0.25496423763370085,0.00881587379107251,0.00805732579528832,0.00881587379107251,0.009841729600798987,0.009037039815643865,0.01117407297047347,-0.052615253038491315,-0.009211829597920019,-0.9232850117897969,-0.03792203206988525,-0.03774695923543272,-0.03777124951800779,-0.03671816092308512,-0.008924513899527689,0.16299478509581242,-0.00134566595242913,0.015081252933205813,-0.003866609347895499,0.006774897760721803,0.005981825150093602,-0.0023977659913200855,0.18512475746390336,0.1840175524205991,0.004290918593281961,-0.0036454663740971387,-0.0010679113574321485,-0.00694350152335495,0.019685462019087715,-0.0011539274550908935,0.0010382600478915283,0.004189495511381735,-0.007898937200198275
avg_hr_bpm,-0.5483809342499771,-0.07579970411294493,-0.10410982484678157,0.04277518077464357,-0.10231468328294355,0.01599955965089997,-0.0947937107309869,0.019212208168715928,-0.000249516965445693,-0.017128234090819917,-0.005928938879454927,-0.010708147206977396,0.0034977272119055755,-0.08455287176298004,-0.07886325255700086,-0.048593084621817446,-0.07026804904076732,0.04108983191636747,0.7335733191338077,0.3194635233108791,0.049409532567985553,0.008941372600435232,0.006934893133350311,0.03426159381925544,-0.18873369218264802,-0.06810560922193813,-0.004443394329038701,0.1968425800930402,-0.001610023951728143,-0.15535465029580353,-0.08976189555412671,0.23698761347205494,0.7092885696310571,0.6930153495702412,0.3139981618757411,0.3038007212334794,-0.0005279103699066094,-0.004984488484518268,-0.08970815950529132,0.11466472098782772,0.5483809342499771,0.1816618946132025,-0.12281144158132073,-0.290360889398621,0.15535465029580353,1.0,0.6628366920946711,-0.09030223909647447,-0.08954835899005618,-0.09030223909647447,-0.08801835523605753,-0.09009760978694208,-0.08917880323914801,-0.08461561895555002,-5.3497332216598326e-05,-0.007887175773547847,-0.0997004672965024,-0.09927154531857252,-0.09933003168349716,0.6758333240864879,-0.008268271831058709,0.29479678116590563,0.006423044971355912,-0.009348427121670454,0.019606661761619855,-0.09105806294041666,-0.08805044494216252,-0.006909754765034908,0.23577308465321772,0.2315322710266541,0.019095865928744814,0.00575400207543231,0.00949430999643493,0.004833625907733434,0.018733911692832103,0.004630138462185143,0.007896427096718254,0.004516205955741621,0.005448509823156607
exercise_hr_bpm,-0.9008085079480672,0.008916605187881194,-0.0071530900314318874,0.019092790728516232,-0.39585254955931354,-0.04477028180458168,-0.003601537297114233,0.012452303512815826,-0.00012939104957001107,-0.020510902249957712,-0.014236416288164001,-0.01191999192144352,0.0031726749229698285,0.01367522192696308,0.017755510591631198,0.006223022680573592,0.010903898026702444,0.005213930389928342,0.08917471485769972,0.5642814458369361,0.1229181710635282,-0.014801910663101187,-0.007073018482095955,0.04406493304405865,-0.32820470141484015,-0.1380440752529834,0.005472880456417834,0.327148580738665,-0.008471149026884027,-0.25496423763370085,0.01724338980493608,0.6194635937152952,0.08169215824889431,0.08370148074462602,0.5541755865860553,0.540144624656235,0.007433077201901596,0.003191447508929386,0.017965889819228188,0.02010503910369103,0.9008085079480672,0.7411329103165292,-0.22469644601403757,-0.4792690192073191,0.25496423763370085,0.6628366920946711,1.0,0.019413005589406576,0.019762439127723103,0.019413005589406576,0.018985970812171578,0.019186764458279756,0.020112315866150025,-0.18907467672770314,0.0018229768702025674,-0.029329241381022244,-0.14890325187639986,-0.14839089424166665,-0.14839736921286467,0.08460494884556106,-0.008937603393242248,0.5246214653179249,0.012214357560153495,0.0029970206960204865,0.0040208848049433695,0.016459822403356104,0.016319085193250534,-0.004312792395535936,0.6174914048430495,0.6099641456365562,0.012332612569728963,-0.01576384884731541,-0.01299949440547741,-0.01917433920903918,0.0251358424306657,-0.008181503918542879,-0.003338484895276652,-0.004523297662489828,0.005530312714552925
active_minutes_per_day,-0.020252347904983238,0.004929326375384858,0.005382636123268003,0.004794349010266534,-0.24498945783725773,-0.0027600300395064494,0.0055883850679016075,-0.0194666273701091,-0.0068047286479726455,0.0012906397739657722,-0.002203014958581818,-0.008120511741366226,-0.011335299400992222,0.8703599943443383,0.8230343059494003,0.4193571238866935,0.7492314572660841,-0.3022789502970009,-0.08785216555380888,0.06800746932761899,0.015316330348624771,-0.010124820898982888,0.0006347194601005872,-0.00441591722905212,-0.005184101042673598,0.006080081808241021,0.014133949252506777,0.013423081503785383,-0.004749138064576433,-0.00881587379107251,0.9809990547094869,0.42711460090685865,-0.08387434040511656,-0.08440972937260297,0.06483282573293712,0.061283894219656174,0.013383218301624807,0.012206261358927039,0.9746555155863265,0.004961720465439086,0.020252347904983238,0.05546123232770109,0.0012853484101590482,-0.017420518969931357,0.00881587379107251,-0.09030223909647447,0.019413005589406576,1.0,0.9920752507311892,1.0,0.9860902170633186,0.9981993305701501,0.9846744054400556,-0.008253642786946442,-0.012089815105310915,-0.007236322702885729,0.003687747304191918,0.003945997148491809,0.003961910310449625,-0.0783089897566641,-0.01854053115295291,0.06308509202647578,-0.0067778485234793965,0.012465026947137645,-0.006036756099778048,0.9675176728916495,0.9514431920144741,0.004578561407006451,0.42663617507535667,0.42316920548353415,0.013953114867372558,-0.005894983916418692,-0.007860292852001582,-0.006584448888906089,-0.0019571622992899606,-0.0006910630279778459,0.0010273252388323796,0.004315468772025538,-0.0034413917233169153
zone_low_min_per_week,-0.018968698980782944,0.004105914462824601,0.005447565576245688,0.003978071237004703,-0.240433061509799,-0.0043059166439879445,0.004971849698626616,-0.01931347105651081,-0.006353928907380678,0.0006759922735495924,-0.0017147087881454752,-0.008395870191919227,-0.011438353995468714,0.8389891414660237,0.7901292803062663,0.3776535928200375,0.7310432460108923,-0.3027446168176522,-0.0865019916541965,0.06492314891347815,0.014967400692689719,-0.00768205723225599,-0.0008989229156612282,-0.003994468736795852,-0.004417672563544265,0.005884622905788707,0.013417202674470212,0.011862815834486104,-0.004212639432168195,-0.00805732579528832,0.9778332902624571,0.4200948000927753,-0.08227648120449514,-0.08269888613705012,0.062213692176011755,0.058793045418203335,0.013276210540499368,0.012670878357460426,0.9714414258963946,0.003631224899520924,0.018968698980782944,0.0536814602702604,0.0014944618367532872,-0.015423554599686716,0.00805732579528832,-0.08954835899005618,0.019762439127723103,0.9920752507311892,1.0,0.9920752507311892,0.9595770631155831,0.9830114766507523,0.9694075914305539,-0.006138180425361815,-0.010674286205286116,-0.00687550129212941,0.0033120061207597457,0.0035067778858179394,0.003525004613708168,-0.07704290447376988,-0.018080733687136714,0.060647227382858396,-0.0067596846517904915,0.012257256625242383,-0.0041829904828896355,0.9645929846251745,0.9489475347153788,0.0023507721277890516,0.4197017289077184,0.4163508536796186,0.013673314726037064,-0.0033950394987432,-0.005565658100070801,-0.003994594427621086,-0.003531838642657886,-0.0024046445986852776,-0.00012678798096386434,0.003512923673090348,-0.0037671637473779287
zone_moderate_min_per_week,-0.020252347904983238,0.004929326375384858,0.005382636123268003,0.004794349010266534,-0.24498945783725773,-0.0027600300395064494,0.0055883850679016075,-0.0194666273701091,-0.0068047286479726455,0.0012906397739657722,-0.002203014958581818,-0.008120511741366226,-0.011335299400992222,0.8703599943443383,0.8230343059494003,0.4193571238866935,0.7492314572660841,-0.3022789502970009,-0.08785216555380888,0.06800746932761899,0.015316330348624771,-0.010124820898982888,0.0006347194601005872,-0.00441591722905212,-0.005184101042673598,0.006080081808241021,0.014133949252506777,0.013423081503785383,-0.004749138064576433,-0.00881587379107251,0.9809990547094869,0.42711460090685865,-0.08387434040511656,-0.08440972937260297,0.06483282573293712,0.061283894219656174,0.013383218301624807,0.012206261358927039,0.9746555155863265,0.004961720465439086,0.020252347904983238,0.05546123232770109,0.0012853484101590482,-0.017420518969931357,0.00881587379107251,-0.09030223909647447,0.019413005589406576,1.0,0.9920752507311892,1.0,0.9860902170633186,0.9981993305701501,0.9846744054400556,-0.008253642786946442,-0.012089815105310915,-0.007236322702885729,0.003687747304191918,0.003945997148491809,0.003961910310449625,-0.0783089897566641,-0.01854053115295291,0.06308509202647578,-0.0067778485234793965,0.012465026947137645,-0.006036756099778048,0.9675176728916495,0.9514431920144741,0.004578561407006451,0.42663617507535667,0.42316920548353415,0.013953114867372558,-0.005894983916418692,-0.007860292852001582,-0.006584448888906089,-0.0019571622992899606,-0.0006910630279778459,0.0010273252388323796,0.004315468772025538,-0.0034413917233169153
zone_high_min_per_week,-0.02153352412881274,0.005680430275312897,0.004521100783130374,0.0047992045570240454,-0.24530105072988367,-0.001597516104753188,0.006479033005007285,-0.017915830960145186,-0.0053928873263333395,0.002209234781751328,-0.0035437636101546374,-0.007537766635394087,-0.010892380475194967,0.8907564663361288,0.8444683951111716,0.45102839188776794,0.7586482979949932,-0.29398679798391036,-0.08605549908065567,0.07035034791667075,0.015187837247254211,-0.013084032777417782,0.0028114474112154136,-0.003978753235258289,-0.00567367519763612,0.00683092555970914,0.01451217246973337,0.01477685675569903,-0.0044227539501066,-0.009841729600798987,0.9611498419194741,0.42554421430621286,-0.08237914663119619,-0.08329679368150537,0.06664733617799336,0.06285042583383167,0.013302845804550057,0.011294791917813494,0.9550042043036826,0.005876872428751117,0.02153352412881274,0.05578027907106529,0.0015141617248532833,-0.019587743846370385,0.009841729600798987,-0.08801835523605753,0.018985970812171578,0.9860902170633186,0.9595770631155831,0.9860902170633186,1.0,0.9937175910348907,0.9800599008101843,-0.009931675943508368,-0.012803497427044168,-0.007888864163352445,0.004711656445810337,0.005050271617794066,0.005059757255360548,-0.07680082545979895,-0.018738409271340423,0.06463911590517853,-0.007076618807258184,0.012442508954789428,-0.008520784493369956,0.9476020434096878,0.9313478172134317,0.00611755980096211,0.4249590119018384,0.42144020644268265,0.013516486771861833,-0.009051836549356247,-0.010525339486340782,-0.009727101399885208,-8.034937583301674e-05,0.0016007278270241524,0.0029051260225920416,0.005601084931083405,-0.002354813519960832
training_load_7d_avg,-0.020697428039327656,0.005242072234789348,0.005283774762268032,0.004858323529683014,-0.24597395703086009,-0.0022487382781322366,0.0059737957976053815,-0.019253257478061295,-0.006487507204744051,0.00170937105654218,-0.00243495174606108,-0.007866863730335185,-0.011310812036781462,0.8807293660082881,0.8340651100661837,0.43517573592513037,0.7542674740628567,-0.3004939108603838,-0.08783183693746109,0.06895748357313072,0.015445270079111919,-0.01118939527519091,0.001444419077596774,-0.00449724273170062,-0.005437745698875642,0.006236207599644766,0.014290133791691468,0.013909520686120586,-0.004882360570515746,-0.009037039815643865,0.9769555016886202,0.4281764389811184,-0.08397828700154009,-0.08462146420202209,0.06558212131927366,0.06202417220982799,0.013292873866416316,0.011798142913615672,0.9706795824029885,0.005301283073312491,0.020697428039327656,0.0558472594178373,0.0012744727284201174,-0.018268999473784363,0.009037039815643865,-0.09009760978694208,0.019186764458279756,0.9981993305701501,0.9830114766507523,0.9981993305701501,0.9937175910348907,1.0,0.9864685431787837,-0.009189519935150174,-0.012655575072199162,-0.007318750995335093,0.004105459194839537,0.004388383863590001,0.004402886622769005,-0.07839639330303025,-0.018496800374933942,0.06375834597437491,-0.006680225899993187,0.012408622935930659,-0.006934455677406896,0.9634460721970289,0.9472556253569976,0.005627971384003105,0.4276548966143744,0.42416073437601504,0.013971155850778178,-0.007009839061198797,-0.008871038922077853,-0.00774676436284029,-0.0012388084201967675,0.00019738394217333732,0.001664156040070891,0.0047571314530482625,-0.0032039891083094035
training_load_30d_avg,-0.021745854559561843,0.004364726979584857,0.00561633011760314,0.0053357263949279045,-0.24278115473330544,-0.002638609576504636,0.0072598603756720455,-0.020664910702615634,-0.009222968371916712,0.0048034489970188955,-0.0008788119738953574,-0.0049219669737424815,-0.010653670943616649,0.8705314155552185,0.8239530765206424,0.43183471996781825,0.7449730812657865,-0.29671030075188143,-0.0882630192709847,0.06593220332779841,0.015665162534553294,-0.011322651764758484,0.0001505108972534256,-0.0076801773126616455,-0.00714191406965155,0.005324494934149216,0.014042695128668545,0.016412721014220623,-0.004433784436462207,-0.01117407297047347,0.9636202531912778,0.42361744883616764,-0.08462885018420623,-0.08492142312337604,0.06248627603173213,0.05871809786976003,0.013339567495054067,0.010753166337620627,0.9576298839503558,0.005472211642763877,0.021745854559561843,0.05686127577914691,-1.4257257150771262e-05,-0.020225872791905276,0.01117407297047347,-0.08917880323914801,0.020112315866150025,0.9846744054400556,0.9694075914305539,0.9846744054400556,0.9800599008101843,0.9864685431787837,1.0,-0.01178468070636171,-0.011987458664280448,-0.009713075901169467,0.0038584109649583177,0.004178655578962525,0.004189799141652324,-0.07908393850414232,-0.017351339013547042,0.060631397871375316,-0.006289712807125726,0.011502415929344222,-0.007554295553244118,0.9506447905778771,0.9342528039949893,0.007082915232267056,0.42314530341521844,0.419930108173789,0.01237813291082111,-0.0073484717051015775,-0.008702449098194237,-0.007109088837156972,-0.0023758629565807277,-0.0013769628930844784,0.0004539500230243623,0.003376051119996142,-0.0022026707993136213
breathing_disturbances_per_hr,0.21771071041275983,0.1892755689345487,0.06724013532812212,0.27587051480574826,0.1263961105468051,0.30689859591118973,-0.06305423763412947,-0.012450869827517076,0.003057418042179304,0.010133998110743066,0.01124581863082403,0.0007791121979654899,-0.008003765450686767,-0.005978329600325591,-0.011803249479329762,0.0009517241985141175,-0.004479844069768333,-0.0077690160430083375,0.06107569835453012,-0.13670588584761095,-0.046815702513738275,0.04279687173945046,0.008928569060499337,-0.016574342659017978,0.1428015089570056,0.09589847867249542,-0.00454336108391712,-0.07019266415718771,0.004744456225345441,0.052615253038491315,-0.004730697711541623,-0.09433298884657693,0.0614552286841565,0.060531179932325076,-0.13450651580007314,-0.1297497474290298,-0.0002393805695398773,0.000919019476106794,-0.003094611062087137,0.2590923099368191,-0.21771071041275983,-0.21450669203681574,0.11867530720015625,0.15916915959914485,-0.052615253038491315,-0.08461561895555002,-0.18907467672770314,-0.008253642786946442,-0.006138180425361815,-0.008253642786946442,-0.009931675943508368,-0.009189519935150174,-0.01178468070636171,1.0,0.006236892253647107,0.17675543609015804,0.04481695734109536,0.04445942302875083,0.04445159610052988,0.06180695244981573,-0.019120907196039847,-0.12695225218892578,-0.004863190552870307,-0.0007809922111029274,0.0049737447147986565,-0.0032393303472720695,-0.0025866630364372954,-0.0003745889651730649,-0.09392839638886598,-0.09359791673435075,0.006467770823437588,0.0392764107048608,0.04206769233271131,0.036403039731942595,0.014856408251206998,0.009697465806184934,0.007211721536248218,0.004100985932353095,-0.002630959298337236
sleep_consistency_score,0.003221112520507136,0.006293304965890247,0.011789371968388807,0.016511507810795408,0.013556315113766405,0.02091802271610343,0.008323859701221297,0.007213392804131801,0.008760871852852686,-0.003136971456261915,-0.00442737778650303,0.01023287280508612,-0.006037214143933939,-0.004761427712803759,-0.007037457425521968,-0.006791351424492299,-0.002656677598032426,0.011429272978289762,0.0018778670012389899,-0.0038614542347587735,0.009043645345464884,0.02148172857020502,-0.002662639642470319,-0.0009036238430715619,0.0035567406123710454,0.0026776307038798935,-0.015899041976469536,-0.014600730139926441,0.005381803501611898,0.009211829597920019,-0.015711324418476256,0.004832363591609166,0.0022765758928585947,0.0016556738581930224,-0.0032863065004613513,-0.005745607362001742,-0.005553998656690268,-0.0022018746513464034,-0.015663375339368856,0.015060624629530346,-0.003221112520507136,-0.00630345861933765,0.0031187512872888883,0.004612967651083558,-0.009211829597920019,-5.3497332216598326e-05,0.0018229768702025674,-0.012089815105310915,-0.010674286205286116,-0.012089815105310915,-0.012803497427044168,-0.012655575072199162,-0.011987458664280448,0.006236892253647107,1.0,0.008712903011012048,0.018352543809327042,0.018548686323187895,0.018647254363655726,0.00023438839354357875,0.0011514087898471979,-0.00339997433324661,-0.008082147251669393,0.00356861014501613,-0.011223671384214567,-0.015113017877099741,-0.01809091801518824,0.01424130772525489,0.004885077585622757,0.006233482217279504,-0.012537519428702425,0.01861725574357164,0.02034688925901795,0.022090439254625966,-0.007535901059273534,-0.002990895184820133,-0.0012003503566160023,-0.00081534569531288,-0.006852143147486909
awakenings_per_night,0.03244659767757873,0.04882242251761593,0.02141760552869549,0.045356443887927846,0.0020735743976515756,0.055284437016481267,-0.014832884149206721,0.01710216640305551,0.0051067332837047815,-0.0030562491900709547,-0.012480187992028458,-0.0035240639953327086,0.006434814901393654,-0.008589567574452629,-0.00840756990199445,-0.01599721098941464,-0.006070511894803648,-0.019669240212365234,0.01809373631946441,-0.018183782792974633,0.0025449730591623394,0.008640220962295464,0.004145848715954966,0.0001533652087737701,0.02893682927064639,0.018432576208754062,-0.01655872157297329,-0.6886577664315058,-0.58613945530812,0.9232850117897969,-0.004898632645202995,-0.008742638462772769,0.018106490883820624,0.022959729828115394,-0.01802100646312856,-0.018126085961918604,-0.015118738551238811,-0.01637756268966252,-0.005816398658801169,0.035794286114573096,-0.03244659767757873,-0.03437190824135854,0.023537775869224602,0.03158050577774578,-0.9232850117897969,-0.007887175773547847,-0.029329241381022244,-0.007236322702885729,-0.00687550129212941,-0.007236322702885729,-0.007888864163352445,-0.007318750995335093,-0.009713075901169467,0.17675543609015804,0.008712903011012048,1.0,0.0008912350911239777,0.000677125206815127,0.0006834343362889144,0.020371912359486977,0.00518927886992119,-0.018730884181707826,0.006636498382271457,-0.016661430402634108,0.007364252520544241,-0.004526413230619549,-0.0034406960207698646,0.0016694025202383484,-0.007654656186051574,-0.008622531322538159,-0.0013136122446756643,0.009908324519877934,0.00823756070163738,0.01025225070347746,-0.00634827651376085,0.0029061721199727638,0.001955087413010159,-0.0022450925634471056,0.008696792371724762
irregular_rhythm_alert,0.1627117460774769,-0.011229623004722,-0.007562610853456725,-0.007763373019459331,0.07938733189795583,0.01118813195146064,0.004998775352564016,-0.005861329704259595,-0.0002708020029856961,0.009283268339428096,0.013532250935081048,-0.00413324982812575,0.017002053119803,-0.00133013668688933,0.006801638768739694,0.003729568421258642,-0.005489585971621814,-0.006400438914341267,0.011635399505206588,-0.1043763517591738,-0.03298737049546024,-0.013969251958301527,0.011201734545165553,0.24851651575944889,0.07489017516450404,0.03720941309602247,0.006972222366955581,-0.046101721169687804,0.0018869507127491883,0.03792203206988525,0.003741019576486418,-0.10921433513060966,0.011531834707106765,0.013071623465115458,-0.10575881396911338,-0.10208989402918302,0.009106708898230523,0.007559480978850345,0.005288653926779264,-0.003384454461707792,-0.1627117460774769,-0.14554852849534392,0.05451260851113444,0.10071141608675346,-0.03792203206988525,-0.0997004672965024,-0.14890325187639986,0.003687747304191918,0.0033120061207597457,0.003687747304191918,0.004711656445810337,0.004105459194839537,0.0038584109649583177,0.04481695734109536,0.018352543809327042,0.0008912350911239777,1.0,0.9989391119108948,0.998926447002175,0.008846923890838954,0.010352757959743563,-0.0972906409496029,-0.004026826860630538,0.0024560462773615056,0.012381306326705071,0.006175028110204675,0.006210135379851293,0.002422782417128179,-0.10884098527391896,-0.10801553785941609,0.0011792576974460412,-0.01352887036241187,-0.013441332976373687,-0.009968632698632667,-0.012567110515190626,0.012523237150948385,0.010584323271058843,0.0032119338365899676,0.01691031421556797
irregular_rhythm_events_7d,0.16202928540109432,-0.010790877336972333,-0.006763309373014148,-0.0077760528325245635,0.07846111423746185,0.010713295232794821,0.004772751653722343,-0.005417211617860802,-0.0003630192699710068,0.009295227469306475,0.013130738347497253,-0.004091767618942957,0.01707557354275411,-0.0011686899430200695,0.0069708385915850535,0.0033862077585533413,-0.005083547341667033,-0.0063069301287428485,0.01177606703306799,-0.10396274746997589,-0.03298876636119645,-0.014208489503230263,0.011231153880610238,0.2464151971391507,0.07375802440419352,0.03626124207576659,0.0074304088367213115,-0.046111911822282,0.0019919235390404833,0.03774695923543272,0.004044622861289033,-0.10822863661534086,0.011562431752195191,0.013202637303423342,-0.10531862045502124,-0.10176564377519878,0.009541749071959723,0.007822750476472356,0.005608071845820783,-0.004140063551470263,-0.16202928540109432,-0.14488825288661658,0.053475463229864635,0.0996285666860581,-0.03774695923543272,-0.09927154531857252,-0.14839089424166665,0.003945997148491809,0.0035067778858179394,0.003945997148491809,0.005050271617794066,0.004388383863590001,0.004178655578962525,0.04445942302875083,0.018548686323187895,0.000677125206815127,0.9989391119108948,1.0,0.9999822180909304,0.008998111574933626,0.010187901560899522,-0.09703043219623951,-0.003947915802127927,0.0026603163775949495,0.012766481022864231,0.006404729445105004,0.006448314970805875,0.00230926851015203,-0.10784558681482491,-0.10703696209393534,0.0012881614513473294,-0.013754199418371537,-0.013676741713361761,-0.010191148676160935,-0.012666745224422998,0.01248267882344099,0.01055928798528458,0.002893542202118642,0.017727892774213234
irregular_rhythm_events_30d,0.16205281059764087,-0.010850699897316782,-0.006759726819750129,-0.007774005389006421,0.0784840579027567,0.010676829538699828,0.004724493831465776,-0.005430974144153657,-0.00042273524175723173,0.009387427707934926,0.013037811194770401,-0.004107631660264555,0.017175425462322754,-0.0011245015003893734,0.007021210818587268,0.0033794718631589655,-0.0050229127496794835,-0.006347211654127794,0.011705807302116844,-0.1040370493532108,-0.03310357480497819,-0.014211424666375138,0.011220610040516919,0.24623129874123595,0.07368783391953482,0.036154878536057686,0.007370849331384262,-0.04619412672207622,0.002048138548053006,0.03777124951800779,0.004050857823507099,-0.10826013917491897,0.01148412284234486,0.013106627492635364,-0.10540539279767189,-0.1018687685669101,0.009482165168871596,0.007808221438136218,0.0056054708110983625,-0.004129029406302879,-0.16205281059764087,-0.14488822910565693,0.053383155637289514,0.09963338847372058,-0.03777124951800779,-0.09933003168349716,-0.14839736921286467,0.003961910310449625,0.003525004613708168,0.003961910310449625,0.005059757255360548,0.004402886622769005,0.004189799141652324,0.04445159610052988,0.018647254363655726,0.0006834343362889144,0.998926447002175,0.9999822180909304,1.0,0.008880892099158723,0.010275944125129546,-0.09714522992858722,-0.0038768908622943896,0.0026528603622005312,0.012722768770711297,0.006411065668053396,0.006449798448733588,0.0023407561269519063,-0.10787701016857851,-0.10705605136582812,0.0011865228741399223,-0.01376687494731606,-0.01369055486919781,-0.010217895185399376,-0.012620791523829214,0.012471994346183112,0.010545833137498456,0.0028730210326217516,0.017754199824133707
rhr_90d_ago,0.11018229931476659,-0.05312869715900635,-0.07187026999492684,0.045737621840210047,0.16256628949490542,0.06441123594552078,-0.07018381747096439,0.0026837594969645966,-0.00237888869372012,-0.0021250672368495847,0.010342861526709565,-0.012105969136728232,0.0009258921884605381,-0.07478198708213864,-0.0737356309878226,-0.043391620465391384,-0.0615537491238131,0.02705214748030883,0.9146465614744556,-0.0804354090719534,-0.029541895006169615,0.02229704740065081,0.006905097902911765,0.002316063645000015,0.05354344999611561,0.038566315005574545,-0.016628792551425332,-0.04465718444615327,-0.002682167514369769,0.03671816092308512,-0.07604854849089979,-0.18170246208100496,0.9436876682728513,0.9721376067144748,-0.08094946664262168,-0.07940034139910068,-0.010503959627062583,-0.012696832845137862,-0.07668992762433657,0.10005525631761185,-0.11018229931476659,-0.46056521129879746,0.0458634631296922,0.05654989266378646,-0.03671816092308512,0.6758333240864879,0.08460494884556106,-0.0783089897566641,-0.07704290447376988,-0.0783089897566641,-0.07680082545979895,-0.07839639330303025,-0.07908393850414232,0.06180695244981573,0.00023438839354357875,0.020371912359486977,0.008846923890838954,0.008998111574933626,0.008880892099158723,1.0,-0.21984018368961813,-0.07782616374065611,0.0002547988603169817,-0.01503413773084419,0.009700465918985539,-0.07745910021432341,-0.07415839195007519,-0.009234260012976718,-0.18176144941352343,-0.18048086248382492,0.003471833266710118,0.02038976974260898,0.020686686011351648,0.01808870108752398,0.009587416978862022,0.005996059881241598,0.00710288616232987,0.0024224974019703767,0.006229075272673607
rhr_trend_per_week,0.0008838644575358013,-0.02593882050926533,-0.015757195309132256,-0.016008971882719266,0.017344145630561376,-0.01801376258254023,0.012849893771127633,0.004940802801633224,-0.016074489073239565,0.012863257847468853,-0.008042223966248471,0.005891115619374705,0.002611300459911241,-0.017661263680411547,-0.014297629790266936,-0.01621725376946757,-0.012274088374942734,0.008218489725271422,-0.005766459541035952,-0.005634815347888637,-0.010942035205606911,-0.0013705292791086228,0.004767512005530503,0.020905246734536382,-0.009845365589317664,-0.0060960186657649995,-0.00323623471543527,-0.0010544946517800173,-0.01029691562011847,0.008924513899527689,-0.016373471746985332,-0.012182919817805851,-0.005724767977791266,-0.005736171036603522,-0.0011870981795257314,-0.0003299323329166933,-0.008207135046141201,-0.0054437126944656845,-0.017779635476142246,-0.008311096550275511,-0.0008838644575358013,0.0016162838493449065,-0.008248790456990172,-0.009043736502533175,-0.008924513899527689,-0.008268271831058709,-0.008937603393242248,-0.01854053115295291,-0.018080733687136714,-0.01854053115295291,-0.018738409271340423,-0.018496800374933942,-0.017351339013547042,-0.019120907196039847,0.0011514087898471979,0.00518927886992119,0.010352757959743563,0.010187901560899522,0.010275944125129546,-0.21984018368961813,1.0,0.0010502935246324348,-0.010125794426776266,-0.002796469301135176,-0.007532807384039214,-0.018087435217270506,-0.01712997386359094,-0.002074818885076294,-0.012811410920096078,-0.012756795383526278,-0.0012246814270499983,-0.0014830478937238485,0.0006690511793287572,0.0022205042449787893,-0.007356608652432641,0.003271516820062793,0.00013849946304304823,0.008802291560827291,-0.013643962974625298
hrv_90d_ago,-0.5781351007334791,0.05786011338041473,0.03329325976105443,0.032811939237368346,-0.29821982529273333,-0.008979978472757435,0.060877450791993915,-0.01183096984958656,0.0050072329320048625,-0.4436551144626563,-0.022676809990090238,0.00826445189124787,-0.004184760745375393,0.05897505707907079,0.054138539465053044,0.03979300218392099,0.04488488098679654,-0.02001855919269156,-0.08922760991972345,0.9193741145703284,0.10518218062271636,-0.02283023134709984,-0.007295726685343415,0.030161149311162722,-0.19698365107955867,-0.07300785534109977,0.056147882893787054,0.21421669566553447,-0.00809505054351401,-0.16299478509581242,0.06019713054613598,0.46682181614403906,-0.08607293869599694,-0.07924544698637961,0.9387790811965824,0.9703107180879174,0.05422734626820195,0.04830046183266516,0.05947995573437096,0.010623287003633698,0.5781351007334791,0.5340331424362681,-0.12890731297257876,-0.30243833691181016,0.16299478509581242,0.29479678116590563,0.5246214653179249,0.06308509202647578,0.060647227382858396,0.06308509202647578,0.06463911590517853,0.06375834597437491,0.060631397871375316,-0.12695225218892578,-0.00339997433324661,-0.018730884181707826,-0.0972906409496029,-0.09703043219623951,-0.09714522992858722,-0.07782616374065611,0.0010502935246324348,1.0,-0.20214307054583364,0.046989134624897066,0.007345759564746826,0.059351610469392246,0.060488636478079304,-0.011855665465889018,0.46435961863513114,0.46026418800091823,7.976933298015043e-05,-0.024020630143969504,-0.023329119086660324,-0.023040815282498184,0.00022443415465538366,-0.007571848203835103,-0.006062975898995603,-0.008819301890668305,0.005139511470934187
hrv_trend_per_week,-0.012055228234151082,-0.007702417012090489,-0.01191205511856252,-0.011106330505004387,0.0010864352747749326,-0.009080187605550637,-0.012562781840556975,0.003959358634871977,0.01372910589038221,-0.009083110581904509,-0.0015380996008098858,-0.00102572065676726,0.011834149434162021,-0.010955624279785015,-0.009448075332905231,-0.004550252258470811,-0.012719852024825947,0.006330384420602548,-0.005751320925196694,0.022899099115014563,0.003552281183852479,-0.0048387641368996025,0.011724888087183704,0.006925876167975123,-0.011518824730238165,-0.0037113737037088824,-0.0027926768312758993,0.0014891059536821763,-0.003988959145907661,0.00134566595242913,-0.005093805294314319,0.00043749705201974633,-0.002431441794449411,-0.004584607431649013,0.021123984242464713,0.02029632028958293,-0.0009134270033209342,0.0017213293231258797,-0.005378062923847393,-0.0028367517615400456,0.012055228234151082,0.013496592229919857,-0.007648726200103479,-0.017593452948901543,-0.00134566595242913,0.006423044971355912,0.012214357560153495,-0.0067778485234793965,-0.0067596846517904915,-0.0067778485234793965,-0.007076618807258184,-0.006680225899993187,-0.006289712807125726,-0.004863190552870307,-0.008082147251669393,0.006636498382271457,-0.004026826860630538,-0.003947915802127927,-0.0038768908622943896,0.0002547988603169817,-0.010125794426776266,-0.20214307054583364,1.0,-0.002807975987276069,0.013461396806983567,-0.0038760139821130087,-0.00631885473347251,0.01300370068429145,0.0011974146206047357,-0.0013615850243206247,0.01182981969458513,-0.0042399272307692346,-0.004619274615285246,-0.0036962462833052437,-0.0008552129712493423,0.010722611612857223,0.009690080547438104,0.013380825880391481,-0.007352516595236871
sleep_90d_ago,-0.004687207672399175,-0.005823284184765787,-0.003028836038152629,0.00047673007827388436,0.006709183183399292,0.0031017187679278128,0.0011932850904405952,-0.025120869768709246,-0.2197631842149277,-0.12246446867685885,-0.003782535094927621,0.0003834125978085128,-0.0158009557055334,0.0021220660130248183,0.013961959581763182,0.011781154526628054,-0.0022882038560265096,-0.007462456924412609,-0.01506453482133924,0.04975909330907755,0.0046730692911669406,-0.002357797566163373,0.004716086589273,0.004557772542955202,0.005505533447292776,0.012397405955789231,0.8424179534451222,0.0048442630779597234,0.01715567256193796,-0.015081252933205813,0.00972287510050861,0.009412883739508413,-0.017523614732903144,-0.01685147480473196,0.05035292250502862,0.046886442813261285,0.9000973182719847,0.9503979306831888,0.009312804479671439,0.0060413006011533,0.004687207672399175,0.009981494276286147,0.009815508378139295,-0.00845045057202046,0.015081252933205813,-0.009348427121670454,0.0029970206960204865,0.012465026947137645,0.012257256625242383,0.012465026947137645,0.012442508954789428,0.012408622935930659,0.011502415929344222,-0.0007809922111029274,0.00356861014501613,-0.016661430402634108,0.0024560462773615056,0.0026603163775949495,0.0026528603622005312,-0.01503413773084419,-0.002796469301135176,0.046989134624897066,-0.002807975987276069,1.0,-0.2681481964465413,0.010090842778049558,0.009526309864347373,0.00390474592758457,0.009998315778156502,0.010050430009707144,-0.0033587766165711344,-0.001355861637444702,-0.002199606632430955,0.0002573575999249087,-0.009950882483753157,0.006147131556995107,0.005625399124545582,0.00971423005634737,-0.01015209566942297
sleep_trend_per_week,-0.0056511797777346415,-0.014349955730575167,-0.013686298391556334,-0.01991988760950194,-0.0038848147661541474,-0.013636303874171762,6.475962374837911e-05,-0.013799501483907668,0.005789064527346422,-0.007861681870469229,-0.008746461008592025,0.021113772773326996,-0.0001857637207169503,-0.00036249222727775435,-0.005855073465155042,-0.003998549014884212,0.0015403470391276849,0.00435288775687469,0.01729883643742611,0.012118745102176335,-0.012976603909956764,-0.00287456794375023,-0.0023045385801724453,0.009564578437014803,-0.011450948608228591,-0.008867159239463964,0.021799404396351987,0.005418487652428611,-0.00954746192037641,0.003866609347895499,-0.00571791742194711,-0.00432207138195402,0.012679038447180076,0.008377632927944634,0.010647045443303246,0.010278513031418884,0.018115820570129604,0.018919259733157223,-0.006523959991968465,-0.012063486376497939,0.0056511797777346415,-4.109455096478596e-05,-0.010448932506564524,-0.009391540479803865,-0.003866609347895499,0.019606661761619855,0.0040208848049433695,-0.006036756099778048,-0.0041829904828896355,-0.006036756099778048,-0.008520784493369956,-0.006934455677406896,-0.007554295553244118,0.0049737447147986565,-0.011223671384214567,0.007364252520544241,0.012381306326705071,0.012766481022864231,0.012722768770711297,0.009700465918985539,-0.007532807384039214,0.007345759564746826,0.013461396806983567,-0.2681481964465413,1.0,-0.007697767982981672,-0.008546645694551817,7.217015156653877e-05,-0.004637492797553406,-0.0052433183152737015,0.0026444590776161037,-0.005269684575141379,-0.0036878251962479806,-0.005114761349634013,0.00513210325975612,-0.002104017405783435,0.0012178242536644043,-0.0006428400713081817,0.005487650279237
steps_30d_avg,-0.0179035311838306,0.00962046932708551,0.010866047166642563,0.0070781150684448135,-0.22908800169915416,-6.957614554669636e-05,0.005345683599478744,-0.02294373801343921,-0.008250404460223923,0.003452986747836677,0.0006064832457415886,-0.008739444180368951,-0.013425221406509655,0.8065192126753357,0.7180668226911534,0.3872069332620181,0.6949991835137133,-0.30701812136055423,-0.08779288793088978,0.06306309919325032,0.014155660020795472,-0.012682891892435754,0.0030054403180563866,-0.007037724370174419,-0.002733049310666709,0.00782309978283038,0.011653874179268565,0.012880834397903537,-0.006016414259964431,-0.006774897760721803,0.9863530130823972,0.40511912342771855,-0.08369428634838978,-0.08325506782150276,0.06096088371816251,0.058183957213423725,0.010144620599519177,0.0098536706745402,0.9932805242291609,0.004034469470706461,0.0179035311838306,0.05313584340279555,0.0033678109444614567,-0.014204886821834566,0.006774897760721803,-0.09105806294041666,0.016459822403356104,0.9675176728916495,0.9645929846251745,0.9675176728916495,0.9476020434096878,0.9634460721970289,0.9506447905778771,-0.0032393303472720695,-0.015113017877099741,-0.004526413230619549,0.006175028110204675,0.006404729445105004,0.006411065668053396,-0.07745910021432341,-0.018087435217270506,0.059351610469392246,-0.0038760139821130087,0.010090842778049558,-0.007697767982981672,1.0,0.9831886063403457,0.005482293879381188,0.40452815893733857,0.4008555717158632,0.016528505300095246,-0.00896831221478991,-0.010676586082560946,-0.009177009469078023,-0.0014597263213140272,0.0013587591311926656,0.003394884347667303,0.006152818357439614,-0.005131862436686844
steps_90d_ago,-0.017882332791101622,0.011896923209311556,0.012536330184901029,0.009171563448694341,-0.22677375678685127,0.0013024307277539763,0.0038729228614413163,-0.021218961273802527,-0.009923877747340232,0.0022554944718593045,-0.0011158561285836326,-0.004761265921588678,-0.012977931084779971,0.7937071146968471,0.7055647688619922,0.3805860109648749,0.6840091345662098,-0.30182956088173984,-0.08408302234442476,0.06361525485998328,0.015533204476569319,-0.013820348092038668,0.0018654389046048419,-0.008157592881050814,-0.0008430685598365,0.008013382118513011,0.011007221404136833,0.013927424463969927,-0.008908037558068228,-0.005981825150093602,0.9699890514276431,0.3985046399964437,-0.08030147827443397,-0.07977358511392675,0.06148040391367604,0.058823421366130654,0.00944177838581774,0.009342619687876051,0.9764577890440524,0.005237560556390129,0.017882332791101622,0.05155283550770402,0.004269987056581543,-0.010977175849190248,0.005981825150093602,-0.08805044494216252,0.016319085193250534,0.9514431920144741,0.9489475347153788,0.9514431920144741,0.9313478172134317,0.9472556253569976,0.9342528039949893,-0.0025866630364372954,-0.01809091801518824,-0.0034406960207698646,0.006210135379851293,0.006448314970805875,0.006449798448733588,-0.07415839195007519,-0.01712997386359094,0.060488636478079304,-0.00631885473347251,0.009526309864347373,-0.008546645694551817,0.9831886063403457,1.0,-0.16434360656439784,0.3982122527600203,0.3944512755515513,0.01768301558443506,-0.010255859861372028,-0.011987820191483806,-0.009989638086500361,-0.004607300176763172,-3.927695086343555e-05,0.0011590652533240357,0.004091502541361379,-0.004601159903378636
steps_trend_per_week,0.0039870878635102905,-0.015228289375763279,-0.010770531326505364,-0.014061485496708076,0.0075677101802894544,-0.009358974769452421,0.005668217830480832,-0.009376177618190132,0.009642007350323134,-0.0010678323072267817,0.011596361516838488,-0.018173100227324632,-0.00024585407197476056,0.0001486195486039057,0.007604637591676435,0.0018954435379549151,0.001752203006110651,-0.012563412328388002,-0.00872680915920423,-0.008311708700668692,-0.006569541276152997,0.005673263825389991,0.00033588997089941373,0.005580254729527093,-0.009266387127805776,-0.0015865188772329348,0.0036270581752967978,-0.011751402089782835,0.013728270097282544,0.0023977659913200855,0.0045624034518869944,-0.0004270224081332824,-0.00831144280299088,-0.009499173180838576,-0.007993269609832819,-0.00860460202556532,0.0023906757419384994,0.0026685196870098625,0.005794963733551646,-0.008967448106523843,-0.0039870878635102905,0.0005013083375364679,-0.004909482431636182,-0.014457477867694116,-0.0023977659913200855,-0.006909754765034908,-0.004312792395535936,0.004578561407006451,0.0023507721277890516,0.004578561407006451,0.00611755980096211,0.005627971384003105,0.007082915232267056,-0.0003745889651730649,0.01424130772525489,0.0016694025202383484,0.002422782417128179,0.00230926851015203,0.0023407561269519063,-0.009234260012976718,-0.002074818885076294,-0.011855665465889018,0.01300370068429145,0.00390474592758457,7.217015156653877e-05,0.005482293879381188,-0.16434360656439784,1.0,-0.0016533125796222622,-0.0008474117792828992,-0.009773278498262192,0.005197512469677918,0.0051342867566483725,0.003267942216745145,0.01692504183394741,0.002389265188406169,0.005377083975275758,0.004496777423035178,-0.00042224165490068567
vo2max_30d_avg,-0.6800104178025188,0.4318473130959224,0.31910091720746153,0.23879956343535627,-0.6604570853074673,0.18060016700014808,0.08031581129376719,0.000994259058448569,-0.000921310391377009,-0.00945541023120307,-0.02130619561076962,-0.001645559982834318,-0.005893801485790636,0.39468036432096154,0.3996783369180852,0.19079540136746975,0.3379608804755507,-0.11601162592834457,-0.20043221925875396,0.49743484833557977,0.13107625088160724,-0.0019835073860532313,-0.005800889694103094,0.03336061987223775,-0.2054940639622596,-0.07171381455236785,0.014776826166844186,0.2436412255306706,-0.014474751301120208,-0.18512475746390336,0.4091327766090249,0.9972243650253235,-0.19376064015202757,-0.19013962687067418,0.48708483279173226,0.47523957603040395,0.013995230562008723,0.009465329923478743,0.40878457418393266,0.045668539766366055,0.6800104178025188,0.6710109682402777,-0.13214690188511716,-0.3198956047152864,0.18512475746390336,0.23577308465321772,0.6174914048430495,0.42663617507535667,0.4197017289077184,0.42663617507535667,0.4249590119018384,0.4276548966143744,0.42314530341521844,-0.09392839638886598,0.004885077585622757,-0.007654656186051574,-0.10884098527391896,-0.10784558681482491,-0.10787701016857851,-0.18176144941352343,-0.012811410920096078,0.46435961863513114,0.0011974146206047357,0.009998315778156502,-0.004637492797553406,0.40452815893733857,0.3982122527600203,-0.0016533125796222622,1.0,0.9889971456261045,0.024622199617348045,-0.002285894018904077,-0.0007292487130480323,-0.0055913404133789,0.019068005812622735,-0.006776410046469048,-0.0038365566191090475,-0.0014885119287073754,-0.0012655858679351648
vo2max_90d_ago,-0.6717525556221171,0.4272391411143721,0.3144892236967426,0.2339792031881961,-0.6537033033646393,0.17784570896299562,0.08100610513544616,-0.000714077794675345,-0.0006558488738915993,-0.008956803947010967,-0.02223326110869873,-0.0015665160388616526,-0.00735401375921806,0.39192152515706674,0.3968843443496065,0.19056450316871698,0.3350279015537529,-0.1129113482073052,-0.19932232660065885,0.4915737410934858,0.12917773548033093,-0.0031593702803488204,-0.005094165839524369,0.0305568078345365,-0.20132702647173503,-0.06869022658532217,0.015335782660631318,0.24131542119628666,-0.013352516384354116,-0.1840175524205991,0.4056359665977719,0.9864007798399285,-0.1923915270159516,-0.18901451301693864,0.4817962530161702,0.47054950272159696,0.015144230075767925,0.009442717694740432,0.4051343716532977,0.043289746676877114,0.6717525556221171,0.6633425197494457,-0.12857909998503023,-0.3153762135134029,0.1840175524205991,0.2315322710266541,0.6099641456365562,0.42316920548353415,0.4163508536796186,0.42316920548353415,0.42144020644268265,0.42416073437601504,0.419930108173789,-0.09359791673435075,0.006233482217279504,-0.008622531322538159,-0.10801553785941609,-0.10703696209393534,-0.10705605136582812,-0.18048086248382492,-0.012756795383526278,0.46026418800091823,-0.0013615850243206247,0.010050430009707144,-0.0052433183152737015,0.4008555717158632,0.3944512755515513,-0.0008474117792828992,0.9889971456261045,1.0,-0.11157625729300079,-0.0037488142576941235,-0.0020014717805641948,-0.0070680231087799925,0.019647465271135887,-0.005771574695680844,-0.0033660202435075114,-0.0016193587696244393,-0.0011153617384949263
vo2max_trend_per_week,-0.016515902633935414,0.014047095735333952,0.017496176124818342,0.02457529944374283,-0.011555805872038475,0.014441788587792114,-0.00949276206176882,0.005433900411967098,0.0033660035164491207,0.0021267276031484974,0.0119097150823357,-0.002453748617421181,0.0056227848723933984,0.009713576331319826,0.007949822931585773,-0.000873008244117481,0.013113327132409253,-0.014381561321111649,0.008088082611812776,0.007120336304995993,0.006815757788918773,0.010056390698195423,-0.005955917285591756,0.018519603628961236,-0.01392926358474586,-0.014087773128412714,-0.005963438166798094,0.0036628464564337614,0.0012746288098882338,-0.004290918593281961,0.014610078421559309,0.023838277206730027,0.004853554375930106,0.004996746371117235,0.0035867430299043753,0.002125505793742196,-0.011386760461838407,-0.002922469417154986,0.01619251857190723,0.016524640123348183,0.016515902633935414,0.010537031130824522,-0.014239071246738379,-0.008568483375661143,0.004290918593281961,0.019095865928744814,0.012332612569728963,0.013953114867372558,0.013673314726037064,0.013953114867372558,0.013516486771861833,0.013971155850778178,0.01237813291082111,0.006467770823437588,-0.012537519428702425,-0.0013136122446756643,0.0011792576974460412,0.0012881614513473294,0.0011865228741399223,0.003471833266710118,-0.0012246814270499983,7.976933298015043e-05,0.01182981969458513,-0.0033587766165711344,0.0026444590776161037,0.016528505300095246,0.01768301558443506,-0.009773278498262192,0.024622199617348045,-0.11157625729300079,1.0,0.01285397019665156,0.010104592848662303,0.011606988409337205,-0.00640784139484947,-0.006950981607748676,-0.00430652320659822,0.0009460614364422036,-0.004133918544961296
resp_7d_avg,0.017028953495526005,0.026974920260294077,0.00011999740312431146,0.05225949876549677,0.03053084184307546,0.06118513240728019,-0.049251661750663964,-0.0096939143753543,0.003826767084877906,0.010023020756108688,0.012675103911528133,-0.008956755221869336,0.002124180298082125,-0.003572733083733051,0.003677912145350019,-0.0059245097676801015,-0.0066267558112723625,-0.004373712612835801,0.017318235103053917,-0.03117319954391286,-0.0015167918175108454,0.9876905179548197,0.000854341593545839,0.00513538565769068,0.00902664532640745,0.009377622979567119,-0.0016708232686491447,0.001655661226000042,-0.0053957227604514895,0.0036454663740971387,-0.009405050313561366,-0.002913597027406936,0.019357259323032044,0.021453012751653414,-0.031178778902870557,-0.02602700346076715,-0.0015303100666223118,-0.002396352879730725,-0.009207666460369971,0.05760454783072779,-0.017028953495526005,-0.02056331583924651,0.009619378012864532,0.005181205924927895,-0.0036454663740971387,0.00575400207543231,-0.01576384884731541,-0.005894983916418692,-0.0033950394987432,-0.005894983916418692,-0.009051836549356247,-0.007009839061198797,-0.0073484717051015775,0.0392764107048608,0.01861725574357164,0.009908324519877934,-0.01352887036241187,-0.013754199418371537,-0.01376687494731606,0.02038976974260898,-0.0014830478937238485,-0.024020630143969504,-0.0042399272307692346,-0.001355861637444702,-0.005269684575141379,-0.00896831221478991,-0.010255859861372028,0.005197512469677918,-0.002285894018904077,-0.0037488142576941235,0.01285397019665156,1.0,0.9754717510010135,0.945822824300772,0.002365376544406154,0.002208843405180308,-0.001021494929257695,0.003412023473948908,-0.012352005324549976
resp_30d_avg,0.0140565204860708,0.02787964475265352,-0.00034671845617160915,0.052350265256226436,0.027934949790071436,0.06033405236200995,-0.05009513162948581,-0.006027387821698463,0.00030113515384268133,0.012547355815059603,0.012357324119859384,-0.00918238979078582,-0.001645752925299717,-0.0036562040228804364,0.0029680619447201985,-0.007745989335316265,-0.0054084008222925655,-0.0038138531531467256,0.018789425718121353,-0.031326005559852065,-0.003886325509840768,0.9876778724899498,0.005476776788771648,0.004201321258697875,0.01152248128259366,0.012529462079654495,-0.0005341156950577631,0.00298810886031568,-0.0028306699147494104,0.0010679113574321485,-0.011376942424904042,-0.0016891155154327355,0.020299161766215924,0.02232834779804442,-0.031078082710001242,-0.025254303329509554,-0.0005855549603195657,-0.0025098332122613634,-0.011330476932652446,0.056876548572699935,-0.0140565204860708,-0.018561471121619353,0.012563425282456828,0.006063022697522029,-0.0010679113574321485,0.00949430999643493,-0.01299949440547741,-0.007860292852001582,-0.005565658100070801,-0.007860292852001582,-0.010525339486340782,-0.008871038922077853,-0.008702449098194237,0.04206769233271131,0.02034688925901795,0.00823756070163738,-0.013441332976373687,-0.013676741713361761,-0.01369055486919781,0.020686686011351648,0.0006690511793287572,-0.023329119086660324,-0.004619274615285246,-0.002199606632430955,-0.0036878251962479806,-0.010676586082560946,-0.011987820191483806,0.0051342867566483725,-0.0007292487130480323,-0.0020014717805641948,0.010104592848662303,0.9754717510010135,1.0,0.9692591553004053,0.002707626976579745,0.006609414625317438,0.004137483015939233,0.007962731897273298,-0.012655493218508115
resp_90d_ago,0.020271151734176145,0.021641775027494776,-0.006202591686523961,0.04953494508871218,0.03565869077834793,0.05832835780428218,-0.04440641890929671,-0.0063740320946379615,0.0003011027030206235,0.009612316927689317,0.012115646518440165,-0.004973936313939846,-0.0030769936823561183,-0.004903132732718081,0.0025168620144974028,-0.007956632181307533,-0.007447004044270796,-0.007552323679637175,0.018203104817202387,-0.03166641746431186,-0.007914667440620719,0.9578934882415224,0.005836050705692881,0.009018970925429805,0.008877101232188055,0.007695301731628318,0.004052179869499222,-0.004294848200709118,-0.0023769146850403772,0.00694350152335495,-0.010477476462016052,-0.0066805889271054205,0.018731724258090512,0.019965099721541424,-0.0314241407355077,-0.02455111926959967,0.003440947268197239,3.944011590027035e-05,-0.010073876174323905,0.058382627958976245,-0.020271151734176145,-0.023263239883589998,0.008468178107192905,0.00802818970188036,-0.00694350152335495,0.004833625907733434,-0.01917433920903918,-0.006584448888906089,-0.003994594427621086,-0.006584448888906089,-0.009727101399885208,-0.00774676436284029,-0.007109088837156972,0.036403039731942595,0.022090439254625966,0.01025225070347746,-0.009968632698632667,-0.010191148676160935,-0.010217895185399376,0.01808870108752398,0.0022205042449787893,-0.023040815282498184,-0.0036962462833052437,0.0002573575999249087,-0.005114761349634013,-0.009177009469078023,-0.009989638086500361,0.003267942216745145,-0.0055913404133789,-0.0070680231087799925,0.011606988409337205,0.945822824300772,0.9692591553004053,1.0,-0.22267105908808466,0.007048791652755173,0.004249412234781103,0.00787602910621662,-0.011532743774964316
resp_trend_per_week,-0.026547433477973267,0.021194350495811986,0.021808654270962756,0.006663493443918854,-0.03160931294391673,0.0018151835458625662,-0.007663907194344013,0.0034431912761666737,-0.006734835923968595,0.010342177855354528,-0.00013637821508975041,-0.0121945343013833,0.0017367357908773576,0.004834017869283423,0.000656118298095975,0.00764306678197993,0.003476628046239742,0.012908864746358021,0.0011714796912268106,0.004238969783706181,0.016706922699743276,0.0012709085340972814,-0.004293209405386353,-0.01913760298492731,0.003630473309275409,0.00817666154376471,-0.01333975233902047,0.0242360707759379,-0.0015352601056118718,-0.019685462019087715,0.0004259449513740378,0.02024473400470324,0.00441305234755688,0.007665453887058151,0.004334066316828156,-0.0006129562388025275,-0.014168497302356498,-0.010765355508016005,-0.0007033140084461238,-0.009651059403450577,0.026547433477973267,0.020919533275235744,0.006753790271186364,-0.0076545233051653495,0.019685462019087715,0.018733911692832103,0.0251358424306657,-0.0019571622992899606,-0.003531838642657886,-0.0019571622992899606,-8.034937583301674e-05,-0.0012388084201967675,-0.0023758629565807277,0.014856408251206998,-0.007535901059273534,-0.00634827651376085,-0.012567110515190626,-0.012666745224422998,-0.012620791523829214,0.009587416978862022,-0.007356608652432641,0.00022443415465538366,-0.0008552129712493423,-0.009950882483753157,0.00513210325975612,-0.0014597263213140272,-0.004607300176763172,0.01692504183394741,0.019068005812622735,0.019647465271135887,-0.00640784139484947,0.002365376544406154,0.002707626976579745,-0.22267105908808466,1.0,-0.00501056253199595,-0.004179077216384824,-0.003449385797149195,-0.0009942078895756787
skin_temp_7d_avg,-0.0006353247805716317,-0.008190256592933546,-0.010985649412362072,-0.006927927837105028,0.009809385754720118,0.0012851548067747028,-0.01728349217916009,0.009044678904585456,-0.021683261044625517,0.007058793827392019,0.004803375235013939,0.010664478368676655,0.0037764958506396845,-0.0027107202411252676,-0.0027347828903966647,0.014127326300763092,-0.011696961621047898,-0.004155421236218438,0.007219550612194304,-0.006447237455405423,0.012440233206835662,0.0027377612372153325,0.9917032787020972,0.002181975112483193,-0.008162368502930112,-0.0029821512646234106,0.012003443854693652,0.004202961288380629,-0.0075350566321314375,0.0011539274550908935,0.0020504873244702264,-0.006190773805061243,0.007380980018934695,0.006489445456602969,-0.0033780450645597452,-0.005886071868112795,0.006409540299541001,0.006179441182834621,0.0015939574180306093,0.001397671851430093,0.0006353247805716317,-0.0024194231174427374,-0.005572584083098389,-0.013944050729406954,-0.0011539274550908935,0.004630138462185143,-0.008181503918542879,-0.0006910630279778459,-0.0024046445986852776,-0.0006910630279778459,0.0016007278270241524,0.00019738394217333732,-0.0013769628930844784,0.009697465806184934,-0.002990895184820133,0.0029061721199727638,0.012523237150948385,0.01248267882344099,0.012471994346183112,0.005996059881241598,0.003271516820062793,-0.007571848203835103,0.010722611612857223,0.006147131556995107,-0.002104017405783435,0.0013587591311926656,-3.927695086343555e-05,0.002389265188406169,-0.006776410046469048,-0.005771574695680844,-0.006950981607748676,0.002208843405180308,0.006609414625317438,0.007048791652755173,-0.00501056253199595,1.0,0.9701219870731306,0.898504711802869,-0.021302751586570766
skin_temp_30d_avg,-0.005809074556169814,-0.008044301781562605,-0.010575604179056262,-0.009669050121588389,0.004335463386087602,-0.0012423999344402569,-0.015318484395110436,0.0062989311687926845,-0.02204652987035384,0.009916695600826175,0.004486731295452754,0.00978423571318793,0.0074252718507966595,-0.0016471739978153146,-0.003547909697900186,0.00908852263651382,-0.007797786021401938,-0.005585290688183094,0.007379628126325333,-0.0054145876534794374,0.01353424041534724,-7.234784554902068e-05,0.9778500123379089,-4.578191370285435e-05,-0.009453222078428341,-0.002583046356297531,0.013313585700236986,0.007841861518564456,-0.008304913611488277,-0.0010382600478915283,0.004037258681344521,-0.0034874171092212584,0.007360568203962456,0.007058048984406362,-0.0021609911336946093,-0.0045878563721056444,0.006796101467534483,0.00615169886560027,0.003801608790351057,-0.0019153508642802833,0.005809074556169814,0.002110429245021665,-0.005995391498239845,-0.016850649607375316,0.0010382600478915283,0.007896427096718254,-0.003338484895276652,0.0010273252388323796,-0.00012678798096386434,0.0010273252388323796,0.0029051260225920416,0.001664156040070891,0.0004539500230243623,0.007211721536248218,-0.0012003503566160023,0.001955087413010159,0.010584323271058843,0.01055928798528458,0.010545833137498456,0.00710288616232987,0.00013849946304304823,-0.006062975898995603,0.009690080547438104,0.005625399124545582,0.0012178242536644043,0.003394884347667303,0.0011590652533240357,0.005377083975275758,-0.0038365566191090475,-0.0033660202435075114,-0.00430652320659822,-0.001021494929257695,0.004137483015939233,0.004249412234781103,-0.004179077216384824,0.9701219870731306,1.0,0.9230599670958404,-0.01594426986852978
skin_temp_90d_ago,-0.0044253902887079095,-0.010795905010673703,-0.013121393480952093,-0.009053647972640987,0.008114655528513181,-0.0018919938491570307,-0.009984240829070757,0.004179606183275188,-0.020251387834890545,0.00912913276822963,0.010539502170177364,0.012316455640927051,0.007269964458496292,-0.0008908169939503482,0.00013153333509910168,0.006773124234675351,-0.005880343096451031,0.001797607197768369,0.005075568655188817,-0.005763931123797504,0.01534313452991054,0.003999003720892471,0.9052568963976088,-0.0025721541481292663,-0.0050659331538240576,0.0017429232418791714,0.013638440433376538,0.010206003304911605,-0.006458363931309172,-0.004189495511381735,0.006294765913294246,-0.0011644006444989053,0.005205159448447012,0.004124158345415028,-0.003288349987200207,-0.0063592993633310845,0.00908900546614086,0.009895110047428522,0.006476240988030785,0.001020002502822907,0.0044253902887079095,0.00196694396334502,-0.0014736411432707693,-0.014059500447887072,0.004189495511381735,0.004516205955741621,-0.004523297662489828,0.004315468772025538,0.003512923673090348,0.004315468772025538,0.005601084931083405,0.0047571314530482625,0.003376051119996142,0.004100985932353095,-0.00081534569531288,-0.0022450925634471056,0.0032119338365899676,0.002893542202118642,0.0028730210326217516,0.0024224974019703767,0.008802291560827291,-0.008819301890668305,0.013380825880391481,0.00971423005634737,-0.0006428400713081817,0.006152818357439614,0.004091502541361379,0.004496777423035178,-0.0014885119287073754,-0.0016193587696244393,0.0009460614364422036,0.003412023473948908,0.007962731897273298,0.00787602910621662,-0.003449385797149195,0.898504711802869,0.9230599670958404,1.0,-0.3691169070151379
skin_temp_trend_per_week,-0.004103955630498227,0.008502774348187064,0.008901027821463623,-0.002461219435414072,-0.014715978722065846,-0.0015756663197107035,-0.014980068607626114,0.001999900459769724,-0.003498326851669019,-0.0019196612990829579,-0.012992092508674403,-0.01057892755095395,0.00024080011014415928,0.0022366503387034973,-0.0047450748653049685,0.0013004723072878744,0.00046477155781198974,-0.016148285235694098,0.0022468774196907873,0.0010928332752854733,-0.0069884480724831,-0.012114096471607577,-0.020198088580182426,0.010666464971788348,-0.010582720699000514,-0.012548424397786726,-0.0027073180648237547,-0.005165842238151513,-0.006414418632917931,0.007898937200198275,-0.001988814620137788,-0.001620456671851834,0.001524739847272817,0.0032298422212146353,0.001202993829903313,0.0032124702709661578,-0.005974387448510782,-0.009384676578943374,-0.003634101462047968,-0.010095596137940446,0.004103955630498227,0.0017029370496767894,-0.012025925244112026,-0.004166867706876875,-0.007898937200198275,0.005448509823156607,0.005530312714552925,-0.0034413917233169153,-0.0037671637473779287,-0.0034413917233169153,-0.002354813519960832,-0.0032039891083094035,-0.0022026707993136213,-0.002630959298337236,-0.006852143147486909,0.008696792371724762,0.01691031421556797,0.017727892774213234,0.017754199824133707,0.006229075272673607,-0.013643962974625298,0.005139511470934187,-0.007352516595236871,-0.01015209566942297,0.005487650279237,-0.005131862436686844,-0.004601159903378636,-0.00042224165490068567,-0.0012655858679351648,-0.0011153617384949263,-0.004133918544961296,-0.012352005324549976,-0.012655493218508115,-0.011532743774964316,-0.0009942078895756787,-0.021302751586570766,-0.01594426986852978,-0.3691169070151379,1.0
